"","Melanocytic","Transitory.Melanocytic","Transitory","Int.Neural.crest.like","Neural.crest.like","Undifferentiated.Neural.crest.like","Undifferentiated"
"TCGA.3N.A9WB.06A.11R.A38C.07",7.1694,13.0644,2.1825,2.3343,-0.0987,1.1874,-6.8179
"TCGA.3N.A9WC.06A.11R.A38C.07",5.0237,11.8283,0.4669,4.1484,2.1127,3.9559,-3.9911
"TCGA.3N.A9WD.06A.11R.A38C.07",5.1274,10.9153,4.1676,4.5839,4.0132,4.1987,0.4232
"TCGA.BF.A1PU.01A.11R.A18S.07",7.5266,16.0603,3.4434,5.4375,2.0028,2.6085,-5.2024
"TCGA.BF.A1PV.01A.11R.A18U.07",5.1629,12.4603,2.6381,3.6038,2.9,4.6668,-5.3563
"TCGA.BF.A1PX.01A.12R.A18T.07",6.7784,12.3813,4.8174,6.2631,3.6957,6.0159,0.9919
"TCGA.BF.A1PZ.01A.11R.A18S.07",9.3887,15.3706,3.6389,2.4684,1.0783,0.1404,-6.7794
"TCGA.BF.A1Q0.01A.21R.A18S.07",1.5317,5.0148,0.3342,5.0501,5.0739,8.698,-3.5396
"TCGA.BF.A3DJ.01A.11R.A20F.07",4.7643,12.0549,7.2394,6.4927,4.1283,4.8839,-3.1492
"TCGA.BF.A3DL.01A.11R.A20F.07",10.8009,14.8234,2.1463,3.0741,2.4646,4.0297,-4.746
"TCGA.BF.A3DM.01A.11R.A20F.07",4.4159,13.5938,5.7576,6.6396,3.6528,2.4675,-6.5778
"TCGA.BF.A3DN.01A.11R.A20F.07",4.4874,14.5995,6.8549,8.0477,3.4644,4.0755,-6.5981
"TCGA.BF.A5EO.01A.12R.A27Q.07",7.2452,13.2029,4.4195,5.0883,3.4361,4.2364,-2.548
"TCGA.BF.A5EP.01A.12R.A27Q.07",8.0807,15.2235,3.2813,6.4316,3.458,3.3943,-7.7154
"TCGA.BF.A5EQ.01A.21R.A27Q.07",7.5463,13.0342,2.1074,3.9938,2.6823,3.9545,-4.944
"TCGA.BF.A5ER.01A.12R.A27Q.07",8.9098,13.0672,0.5674,1.9729,-1.2672,2.2838,-4.8064
"TCGA.BF.A5ES.01A.11R.A27Q.07",9.8458,14.4342,-1.0489,1.2874,0.874,2.5505,-5.7272
"TCGA.BF.A9VF.01A.11R.A37K.07",10.8116,15.6181,0.3265,2.4213,-1.2129,-0.3183,-4.6699
"TCGA.BF.AAOU.01A.12R.A39D.07",4.9614,13.5069,3.4276,6.2895,4.3332,5.7185,-4.146
"TCGA.BF.AAOX.01A.11R.A39D.07",8.9152,14.0406,0.0314,0.8339,-0.5547,0.518,-4.9358
"TCGA.BF.AAP0.06A.11R.A39D.07",9.3192,14.2133,3.1759,4.5465,2.4489,3.3361,-3.4842
"TCGA.BF.AAP1.01A.11R.A39D.07",4.0097,12.4917,3.6079,5.2076,2.3401,0.168,-6.3941
"TCGA.BF.AAP2.01A.11R.A40A.07",8.3677,14.516,2.698,5.1585,-0.6371,0.4252,-5.6346
"TCGA.BF.AAP4.01A.11R.A40A.07",10.5482,13.8561,0.1093,2.7215,0.4006,1.2791,-5.3651
"TCGA.BF.AAP6.01A.11R.A40A.07",7.646,13.8836,2.9104,3.8056,1.5894,1.2419,-7.2013
"TCGA.BF.AAP7.01A.11R.A40A.07",8.187,13.3677,6.4885,5.1133,2.9868,4.3978,-2.8536
"TCGA.BF.AAP8.01A.11R.A40A.07",8.6974,13.1772,1.1803,1.6286,-1.0786,-1.0185,-3.9193
"TCGA.D3.A1Q1.06A.21R.A18T.07",4.9633,12.6867,5.4349,6.7298,-2.5138,-0.7951,-6.2911
"TCGA.D3.A1Q3.06A.11R.A18T.07",8.1713,11.8279,-0.3682,2.0982,0.7337,1.3571,-5.9889
"TCGA.D3.A1Q4.06A.11R.A18T.07",0.6412,9.7612,5.4769,7.3106,5.6816,7.1761,-2.0708
"TCGA.D3.A1Q5.06A.11R.A18T.07",-2.3299,2.971,6.1147,7.4967,6.2035,8.7075,-0.8429
"TCGA.D3.A1Q6.06A.11R.A18T.07",-1.8451,0.6996,-1.9267,4.1522,8.0367,10.8182,-2.4289
"TCGA.D3.A1Q7.06A.11R.A18T.07",8.2771,12.7422,4.3546,4.1629,1.0134,5.3219,-2.4091
"TCGA.D3.A1Q8.06A.11R.A18T.07",-0.7242,5.2232,5.7232,8.2056,6.9222,8.7436,-2.5484
"TCGA.D3.A1Q9.06A.11R.A18T.07",9.0651,16.2159,2.0231,1.5079,-0.1534,-0.049,-4.8968
"TCGA.D3.A1QA.06A.11R.A18T.07",9.7322,12.4074,-0.4306,1.6748,-2.1375,-0.2815,-5.0003
"TCGA.D3.A1QA.07A.11R.A37K.07",9.1861,13.956,-1.5752,1.1296,-3.1451,0.3243,-6.5266
"TCGA.D3.A1QB.06A.11R.A18T.07",9.2835,13.9562,0.1267,1.1142,0.5112,0.2169,-4.8199
"TCGA.D3.A2J6.06A.11R.A18T.07",11.1901,14.7739,-0.6403,-0.0288,1.5678,0.4726,-5.499
"TCGA.D3.A2J7.06A.11R.A18T.07",8.0039,14.9346,3.144,6.8148,3.3535,4.6702,-6.4494
"TCGA.D3.A2J8.06A.11R.A18T.07",0.3057,-0.6625,-2.2224,1.2324,2.327,12.6483,6.0977
"TCGA.D3.A2J9.06A.11R.A18T.07",5.7592,10.7876,1.9423,4.8011,2.3098,3.6806,-2.9307
"TCGA.D3.A2JA.06A.11R.A18T.07",-1.2907,4.7652,4.1733,8.1613,8.0684,9.3297,-4.1591
"TCGA.D3.A2JB.06A.11R.A18T.07",8.4771,11.5885,0.9986,3.4029,1.847,2.7697,-3.1594
"TCGA.D3.A2JC.06A.11R.A18T.07",6.6266,14.5845,5.5909,4.8124,4.3839,2.9505,-5.5574
"TCGA.D3.A2JD.06A.11R.A18T.07",10.0764,15.0316,2.494,3.3004,1.0461,3.1323,-4.0301
"TCGA.D3.A2JE.06A.11R.A37K.07",2.8295,11.4718,3.0782,4.5115,-0.449,-1.1271,-7.2544
"TCGA.D3.A2JF.06A.11R.A18S.07",-1.5927,3.7797,2.4316,8.2158,6.397,5.7971,-5.8888
"TCGA.D3.A2JG.06A.11R.A18T.07",8.0762,13.0553,1.0857,4.3317,1.2228,2.5211,-4.4526
"TCGA.D3.A2JH.06A.11R.A18T.07",7.4541,13.0458,2.836,3.9664,1.7284,0.3896,-5.0182
"TCGA.D3.A2JK.06A.11R.A18S.07",8.2047,13.5738,3.9655,4.1112,1.5045,1.5993,-4.4332
"TCGA.D3.A2JL.06A.11R.A18S.07",8.4681,15.9171,0.8599,2.3221,-0.138,-1.2131,-7.0276
"TCGA.D3.A2JN.06A.11R.A18S.07",-1.765,5.5476,3.0537,6.3795,6.9103,7.7629,-4.8041
"TCGA.D3.A2JO.06A.11R.A18S.07",8.0751,13.471,3.1326,3.957,1.5379,1.911,-4.2435
"TCGA.D3.A2JP.06A.11R.A18S.07",5.0157,11.8731,6.0876,6.1709,3.2086,2.2934,-6.789
"TCGA.D3.A3BZ.06A.12R.A18S.07",9.6695,12.2505,0.639,1.8132,3.7932,7.1704,-0.3215
"TCGA.D3.A3C1.06A.12R.A18S.07",3.5117,11.0563,5.2792,5.9701,5.1392,6.3584,-3.9715
"TCGA.D3.A3C3.06A.12R.A18S.07",4.6544,10.4987,4.1384,4.3874,-0.0617,-1.0841,-6.2152
"TCGA.D3.A3C6.06A.12R.A18U.07",3.0322,12.52,6.4353,6.6021,-0.2856,0.7139,-8.2383
"TCGA.D3.A3C7.06A.11R.A18U.07",0.2654,5.8488,5.825,8.2149,7.0821,8.6035,-5.4607
"TCGA.D3.A3C8.06A.12R.A18S.07",2.0093,3.849,-1.0492,2.3406,4.7822,6.8146,-0.5706
"TCGA.D3.A3CB.06A.11R.A18S.07",5.9148,12.1036,5.9103,3.7254,2.6128,3.626,-2.3251
"TCGA.D3.A3CC.06A.11R.A18S.07",7.5676,13.9742,4.9531,3.9018,0.6823,1.8828,-5.2378
"TCGA.D3.A3CE.06A.11R.A18S.07",4.2648,12.3947,5.2011,5.6676,0.1116,1.4728,-4.8827
"TCGA.D3.A3CF.06A.11R.A18T.07",10.2201,13.7978,3.0287,3.3192,2.7144,4.1304,-4.5697
"TCGA.D3.A3ML.06A.11R.A21D.07",4.8701,13.7675,3.207,4.3776,-0.3024,1.2583,-9.0405
"TCGA.D3.A3MO.06A.11R.A21D.07",2.5279,11.6149,6.6693,7.1531,3.0899,5.2378,-5.0574
"TCGA.D3.A3MR.06A.11R.A21D.07",5.4889,12.3511,3.4205,4.2847,2.8273,3.8147,-5.9543
"TCGA.D3.A3MU.06A.11R.A21D.07",8.6604,14.3299,1.672,4.8222,3.4034,5.5247,-4.1189
"TCGA.D3.A3MV.06A.11R.A21D.07",2.2388,12.0844,5.351,7.7284,4.3492,4.116,-5.4596
"TCGA.D3.A51E.06A.11R.A266.07",8.1828,14.4111,3.2494,4.265,2.0494,1.638,-4.4037
"TCGA.D3.A51F.06A.11R.A266.07",4.4512,10.5745,3.7769,5.7436,4.3828,7.1232,-2.4587
"TCGA.D3.A51G.06A.11R.A266.07",-3.3933,3.382,3.8702,6.6606,6.5519,8.7513,-5.4106
"TCGA.D3.A51H.06A.12R.A266.07",7.7741,7.1044,-0.2616,-0.3051,0.2636,3.305,-2.2522
"TCGA.D3.A51J.06A.11R.A266.07",4.6291,13.9904,6.4932,5.3705,1.6032,2.0099,-6.0842
"TCGA.D3.A51K.06A.11R.A266.07",6.4464,11.3445,3.9527,1.4354,-2.2758,-1.4246,-6.5564
"TCGA.D3.A51N.06A.11R.A266.07",3.5547,10.2079,6.0818,6.2867,3.8441,2.9367,-7.5345
"TCGA.D3.A51R.06A.11R.A266.07",-4.4824,0.588,0.8642,4.1521,1.0466,2.7401,-2.3873
"TCGA.D3.A51T.06A.11R.A266.07",7.2554,13.2725,4.0767,4.5026,1.7,2.2179,-4.241
"TCGA.D3.A5GL.06A.11R.A27Q.07",10.3766,14.4056,2.3012,3.751,1.0281,1.6676,-8.591
"TCGA.D3.A5GN.06A.11R.A27Q.07",-0.3674,9.5428,5.3971,8.0262,5.5383,5.7033,-6.7683
"TCGA.D3.A5GO.06A.12R.A27Q.07",5.4581,8.6164,2.5969,5.5726,5.7952,4.6101,-5.9926
"TCGA.D3.A5GR.06A.11R.A27Q.07",1.8546,10.4735,5.816,6.2659,6.4273,5.9057,-4.0487
"TCGA.D3.A5GS.06A.11R.A27Q.07",6.6849,15.5238,4.7812,6.2737,3.2429,1.873,-6.1531
"TCGA.D3.A5GT.01A.12R.A311.07",7.225,14.2343,2.0707,2.9451,-1.375,-1.6559,-7.8532
"TCGA.D3.A5GU.06A.11R.A27Q.07",5.4894,14.2465,3.7096,4.6955,0.6185,-0.382,-6.6479
"TCGA.D3.A8GB.06A.11R.A37K.07",8.7873,13.3328,0.967,2.8248,3.3607,4.9149,-4.1393
"TCGA.D3.A8GC.06A.11R.A37K.07",5.4607,10.7624,-0.5362,3.1015,0.8835,3.141,-4.5147
"TCGA.D3.A8GD.06A.11R.A37K.07",6.9656,12.7742,0.9259,2.6806,1.6267,1.079,-4.5474
"TCGA.D3.A8GE.06A.11R.A37K.07",-1.7648,1.2398,1.0821,5.7308,4.6182,8.6925,-1.6006
"TCGA.D3.A8GI.06A.11R.A37K.07",10.7279,13.8052,-0.7354,2.8535,1.9199,4.0642,-4.2672
"TCGA.D3.A8GJ.06A.11R.A37K.07",7.8022,13.8897,3.6099,3.6907,-0.3911,1.0953,-5.5439
"TCGA.D3.A8GK.06A.11R.A37K.07",7.7469,14.4495,1.8933,3.7151,-0.1594,-0.1598,-7.1615
"TCGA.D3.A8GL.06A.11R.A37K.07",7.2468,14.0853,0.9451,2.7448,-1.5188,-0.4233,-7.2773
"TCGA.D3.A8GM.06A.11R.A37K.07",11.8088,14.4,-1.8432,1.2085,0.9488,1.2499,-5.6132
"TCGA.D3.A8GN.06A.11R.A37K.07",5.4679,12.2081,3.7436,4.709,1.5497,3.8646,-5.5018
"TCGA.D3.A8GO.06A.11R.A37K.07",2.0237,11.1657,5.7036,6.6771,5.5156,4.0662,-6.3739
"TCGA.D3.A8GP.06A.11R.A37K.07",6.5664,13.3924,4.0498,6.0191,0.7302,-1.1384,-7.0348
"TCGA.D3.A8GQ.06A.11R.A37K.07",-1.4285,4.5016,3.2392,5.4613,2.2893,6.1286,0.5494
"TCGA.D3.A8GR.06A.11R.A37K.07",9.9598,14.6751,1.6903,3.4845,-1.4622,-1.2165,-6.3683
"TCGA.D3.A8GS.06A.12R.A37K.07",6.326,12.0715,1.1385,3.0726,-0.9874,-1.4309,-6.1006
"TCGA.D3.A8GV.06A.11R.A37K.07",5.3588,13.4195,3.3573,3.6994,1.1162,-0.3347,-8.4243
"TCGA.D9.A148.06A.11R.A18S.07",11.0276,15.5267,2.1649,3.2976,0.4495,-0.425,-4.7235
"TCGA.D9.A149.06A.11R.A18S.07",9.2082,13.4145,0.6827,2.7429,0.0115,2.1373,-5.3966
"TCGA.D9.A1JW.06A.11R.A18S.07",10.3148,14.3276,-0.7855,1.1185,1.2312,1.917,-3.4438
"TCGA.D9.A1JX.06A.11R.A18S.07",6.0022,14.9847,5.5541,6.6449,1.0501,-1.5221,-7.3712
"TCGA.D9.A1X3.06A.11R.A18S.07",9.1298,13.7894,4.1886,4.9929,1.6793,2.2162,-7.757
"TCGA.D9.A3Z1.06A.11R.A239.07",10.0859,13.7964,-0.9981,-0.4698,-1.4191,-0.1426,-5.2771
"TCGA.D9.A3Z3.06A.11R.A239.07",9.5842,16.2111,2.5249,4.1975,1.3128,2.6467,-4.496
"TCGA.D9.A3Z4.01A.11R.A239.07",5.8856,13.8893,5.8138,5.8946,2.8224,2.5209,-5.6949
"TCGA.D9.A4Z2.01A.11R.A24X.07",5.0411,14.2041,7.5011,7.1187,2.4807,0.2951,-8.7829
"TCGA.D9.A4Z3.01A.11R.A266.07",5.3655,11.6701,3.6878,5.1644,-0.0405,0.1844,-6.5522
"TCGA.D9.A4Z5.01A.11R.A266.07",4.6576,11.4617,4.8694,6.6008,3.7868,4.897,-3.347
"TCGA.D9.A4Z6.06A.12R.A266.07",9.8682,16.923,2.3922,3.3805,-0.679,-0.2481,-5.8707
"TCGA.D9.A6E9.06A.12R.A311.07",10.0973,14.9835,1.5757,3.2118,1.9769,1.4739,-3.7726
"TCGA.D9.A6EA.06A.11R.A311.07",5.9851,13.4141,3.6132,5.0082,2.917,2.2303,-7.2251
"TCGA.D9.A6EC.06A.11R.A311.07",7.0727,10.1138,0.948,0.8838,0.8145,0.8791,-6.3659
"TCGA.D9.A6EG.06A.12R.A32P.07",10.929,13.6908,0.6111,0.4742,-1.6246,0.1866,-6.2152
"TCGA.DA.A1HV.06A.21R.A18S.07",4.5274,11.328,2.1771,4.8917,1.4883,0.9833,-4.7571
"TCGA.DA.A1HW.06A.11R.A18U.07",8.3473,14.769,4.1688,4.4688,1.2337,1.3239,-3.4595
"TCGA.DA.A1HY.06A.11R.A18T.07",-1.9561,4.1293,2.3452,8.6136,8.3341,8.6667,-7.6005
"TCGA.DA.A1I0.06A.11R.A20F.07",9.7716,12.8562,0.2207,1.6412,2.1779,3.3589,-4.7076
"TCGA.DA.A1I1.06A.12R.A18U.07",5.4929,12.9111,2.6661,6.3153,3.209,5.4008,-4.666
"TCGA.DA.A1I2.06A.21R.A18U.07",4.0076,12.916,3.9837,6.0586,3.6793,3.167,-5.8509
"TCGA.DA.A1I4.06A.11R.A18U.07",8.553,14.6556,2.6404,3.7286,4.5382,6.0742,-4.2878
"TCGA.DA.A1I5.06A.11R.A18T.07",9.2371,13.4421,5.2941,3.9711,3.4529,4.7947,-3.4646
"TCGA.DA.A1I7.06A.22R.A18S.07",-1.2111,7.615,5.8186,7.9355,8.3954,8.7448,-4.536
"TCGA.DA.A1I8.06A.11R.A18T.07",1.5423,8.4683,7.2966,8.3096,6.3538,5.0011,-6.6806
"TCGA.DA.A1IA.06A.11R.A18S.07",9.8435,16.5179,3.6347,4.1137,0.5439,0.6776,-4.6105
"TCGA.DA.A1IB.06A.11R.A18S.07",10.0566,12.9558,1.098,2.2986,2.461,4.3542,-0.7985
"TCGA.DA.A1IC.06A.11R.A18S.07",8.1558,13.8872,2.7421,3.6829,1.9999,1.5491,-5.068
"TCGA.DA.A3F2.06A.11R.A20F.07",4.2956,5.0723,0.7385,1.1375,3.3699,7.0327,1.1171
"TCGA.DA.A3F3.06A.11R.A20F.07",6.2958,13.9034,5.7222,5.3523,0.0441,0.3494,-5.8171
"TCGA.DA.A3F5.06A.11R.A20F.07",-1.7777,3.9077,0.4158,6.9509,6.5317,8.407,-4.1499
"TCGA.DA.A3F8.06A.11R.A20F.07",5.1051,12.52,3.6545,4.808,2.6568,3.6635,-4.0412
"TCGA.DA.A95V.06A.11R.A37K.07",9.6131,15.0637,3.1749,0.6494,-0.8341,0.4239,-4.1494
"TCGA.DA.A95W.06A.11R.A37K.07",5.6214,13.2907,3.6646,5.1178,-2.7148,-1.4887,-7.8048
"TCGA.DA.A95X.06A.11R.A37K.07",2.8786,9.2593,0.8796,4.4397,4.0468,3.9924,-6.741
"TCGA.DA.A95Y.06A.11R.A37K.07",11.5187,13.2997,0.3148,1.2253,0.3806,-1.1377,-6.684
"TCGA.DA.A95Z.06A.11R.A37K.07",5.0793,14.1537,3.9087,3.7779,-3.2062,-1.2236,-7.7784
"TCGA.DA.A960.01A.11R.A37K.07",9.0619,13.4799,-0.3958,2.6679,-2.924,-2.7206,-7.6406
"TCGA.EB.A1NK.01A.11R.A18T.07",10.0925,14.6465,0.3078,1.5572,1.9213,4.8802,-2.8283
"TCGA.EB.A24C.01A.11R.A18T.07",7.9807,13.9909,4.8063,5.4591,1.9534,2.5062,-3.5811
"TCGA.EB.A24D.01A.11R.A18T.07",6.2029,14.0673,1.4756,2.6746,-0.1596,0.6743,-5.1237
"TCGA.EB.A299.01A.21R.A18U.07",4.7309,9.8068,4.4081,6.8349,4.633,7.4992,0.4251
"TCGA.EB.A3HV.01A.11R.A21D.07",5.4947,13.8832,6.5293,7.099,4.8526,6.6559,0.1592
"TCGA.EB.A3XB.01A.11R.A239.07",10.6233,16.01,2.8189,3.7184,1.7683,2.3537,-5.6535
"TCGA.EB.A3XC.01A.11R.A239.07",9.6055,13.2031,0.2446,1.7841,2.4241,2.9988,-2.9762
"TCGA.EB.A3XD.01A.22R.A239.07",8.1744,12.6113,2.8394,3.5415,2.4218,7.5238,4.6252
"TCGA.EB.A3XE.01A.12R.A239.07",7.4502,14.8845,4.9709,6.547,2.2784,4.6372,-1.416
"TCGA.EB.A3XF.01A.31R.A239.07",6.9166,13.9611,4.3151,4.2917,0.4598,3.336,-4.998
"TCGA.EB.A3Y6.01A.21R.A239.07",9.7186,15.8565,5.292,5.4451,1.5989,1.6204,-5.8692
"TCGA.EB.A3Y7.01A.11R.A239.07",11.7784,12.6144,-0.5479,-0.2768,-0.9953,0.7573,-5.0225
"TCGA.EB.A41A.01A.11R.A24X.07",5.9557,10.8128,0.6175,2.3848,1.7091,2.5098,-6.1152
"TCGA.EB.A41B.01A.11R.A24X.07",9.4131,15.1577,0.8841,2.7219,-1.1495,-1.9674,-6.2772
"TCGA.EB.A42Y.01A.12R.A24X.07",7.8695,10.391,-0.469,0.1158,0.2588,4.1943,-4.1814
"TCGA.EB.A42Z.01A.12R.A24X.07",4.95,14.3499,6.1654,7.0098,4.3021,4.2691,-8.8276
"TCGA.EB.A430.01A.11R.A24X.07",9.5193,14.2208,1.9433,2.9121,-1.2444,-0.4066,-6.8339
"TCGA.EB.A431.01A.11R.A266.07",12.232,15.4584,0.939,1.7721,0.198,-0.4363,-5.8763
"TCGA.EB.A44N.01A.11R.A266.07",5.9605,13.2535,5.4985,6.1964,3.0539,5.8979,0.9706
"TCGA.EB.A44O.01A.11R.A266.07",10.4453,14.895,-1.7948,1.7417,0.9761,0.3392,-6.5723
"TCGA.EB.A44P.01A.11R.A266.07",5.1263,13.4313,5.7732,4.2761,1.3384,1.6779,-6.7742
"TCGA.EB.A44Q.06A.11R.A266.07",9.0871,12.315,-1.395,-0.9242,-1.2313,-0.2906,-2.8802
"TCGA.EB.A44R.06A.41R.A266.07",7.4997,12.4654,3.2951,4.2136,-0.0551,0.1782,-5.0239
"TCGA.EB.A4IQ.01A.12R.A266.07",8.5137,12.8551,1.5305,3.1382,2.2735,4.9287,1.3674
"TCGA.EB.A4IS.01A.21R.A266.07",5.3478,9.8167,2.1993,4.3194,3.2367,4.3373,-4.0198
"TCGA.EB.A4OY.01A.11R.A266.07",9.8165,14.6049,1.6128,0.3297,0.419,-1.004,-6.1438
"TCGA.EB.A4OZ.01A.12R.A266.07",7.0594,10.3666,2.2311,4.4658,4.6407,7.1324,1.1384
"TCGA.EB.A4P0.01A.41R.A266.07",6.285,12.8883,2.7975,3.1684,0.8645,1.0755,-7.4487
"TCGA.EB.A4XL.01A.11R.A27Q.07",6.0607,14.1664,6.2001,6.4018,3.5067,3.226,-2.9111
"TCGA.EB.A51B.01A.11R.A27Q.07",6.1592,11.1838,1.6446,2.8107,2.0863,2.5752,-6.2813
"TCGA.EB.A550.01A.61R.A27Q.07",4.9798,11.7108,5.7326,7.1108,4.9092,6.6761,2.2438
"TCGA.EB.A551.01A.21R.A27Q.07",5.082,11.4573,1.5525,4.3918,1.6898,1.7896,-6.2446
"TCGA.EB.A553.01A.12R.A27Q.07",9.5188,13.124,-1.5993,0.4492,0.0082,0.6629,-5.2532
"TCGA.EB.A57M.01A.51R.A311.07",6.633,11.8738,3.1107,4.5183,4.0571,8.0925,1.8372
"TCGA.EB.A5FP.01A.11R.A27Q.07",9.5367,14.1745,1.6636,2.7893,1.1561,-0.4986,-5.1923
"TCGA.EB.A5KH.06A.11R.A27Q.07",6.9913,12.6891,2.1332,2.8404,0.1193,2.0573,-5.2337
"TCGA.EB.A5SE.01A.11R.A311.07",5.9039,14.5064,6.2911,4.8562,0.3206,1.1272,-6.4011
"TCGA.EB.A5SF.01A.11R.A311.07",9.5152,13.5317,1.4375,1.5441,2.143,6.3104,2.7667
"TCGA.EB.A5SG.06A.11R.A311.07",7.7744,13.2445,1.8044,2.8408,2.7206,3.2932,-2.8203
"TCGA.EB.A5SH.06A.11R.A311.07",7.2301,12.4012,0.9389,1.4396,-1.2538,0.7305,-4.5854
"TCGA.EB.A5UL.06A.11R.A311.07",10.0063,14.6501,1.8965,2.5119,0.4189,-1.2852,-6.3735
"TCGA.EB.A5UM.01A.11R.A311.07",6.5562,15.3268,2.3054,4.574,0.7808,0.4374,-5.5335
"TCGA.EB.A5UN.06A.11R.A311.07",8.1415,15.3967,2.6149,3.7157,3.8543,3.389,-6.2026
"TCGA.EB.A5VU.01A.21R.A32P.07",3.8465,12.8075,4.4787,5.9051,3.5615,1.6673,-5.3953
"TCGA.EB.A5VV.06A.11R.A32P.07",0.3325,-0.344,-0.8624,-1.2246,0.5002,3.6679,-1.6247
"TCGA.EB.A6L9.06A.11R.A32P.07",8.9451,13.7532,2.2747,1.8134,2.0455,3.4414,-2.6611
"TCGA.EB.A6QY.01A.12R.A32P.07",11.0914,13.3044,-0.7899,0.9365,-0.0696,2.1039,-2.3271
"TCGA.EB.A6QZ.01A.12R.A32P.07",6.9487,14.8908,7.0137,5.916,2.1026,1.8144,-6.4546
"TCGA.EB.A6R0.01A.12R.A32P.07",7.4235,12.7168,2.3356,2.8723,1.3401,-0.3657,-7.1026
"TCGA.EB.A82B.01A.11R.A352.07",8.5731,13.7069,1.1333,1.8252,1.7757,2.4134,-4.6072
"TCGA.EB.A82C.01A.11R.A352.07",5.2035,11.6764,2.7615,5.0429,1.8586,2.3309,-5.6072
"TCGA.EB.A85I.01A.11R.A352.07",6.5621,11.9201,4.1426,3.9564,2.7863,4.5883,-6.17
"TCGA.EB.A85J.01A.12R.A352.07",8.9056,11.9762,0.5975,1.8996,-0.023,0.3713,-5.9955
"TCGA.EB.A97M.01A.11R.A38C.07",10.0942,15.1889,2.4541,3.2368,1.3427,1.2431,-5.8225
"TCGA.EE.A17X.06A.11R.A18S.07",11.5797,14.3062,-1.7216,-0.9097,-2.0085,-0.5655,-5.8951
"TCGA.EE.A17Y.06A.11R.A18T.07",2.5261,10.9246,3.9867,6.3998,6.609,6.9205,-6.0265
"TCGA.EE.A17Z.06A.11R.A18S.07",7.0149,11.3616,4.4948,2.6104,-0.398,-0.0962,-3.9306
"TCGA.EE.A180.06A.11R.A21D.07",7.7293,14.0995,3.9866,3.4535,0.3716,0.4219,-7.0912
"TCGA.EE.A181.06A.11R.A18S.07",8.9234,12.9248,1.7047,0.1278,-0.3088,-0.7932,-5.545
"TCGA.EE.A182.06A.11R.A18T.07",10.6064,13.8793,1.004,1.7078,1.6334,4.0577,-1.1288
"TCGA.EE.A183.06A.11R.A18S.07",10.2716,12.9088,0.8697,2.2595,1.9715,3.5492,-2.8973
"TCGA.EE.A184.06A.11R.A18S.07",10.0154,15.1548,1.6546,3.5024,-0.6169,-0.1489,-6.5973
"TCGA.EE.A185.06A.11R.A18S.07",10.6634,15.7608,-0.0163,1.1123,-0.8433,-0.0947,-5.6745
"TCGA.EE.A20B.06A.11R.A18U.07",2.8961,10.0962,6.2948,7.8031,4.967,5.2778,-5.6871
"TCGA.EE.A20C.06A.11R.A18S.07",1.9591,10.0867,4.8391,6.4112,0.97,1.7381,-9.0566
"TCGA.EE.A20F.06A.21R.A18S.07",9.2927,14.1612,1.195,3.9753,0.9124,1.6473,-4.5858
"TCGA.EE.A20H.06A.11R.A18S.07",-2.1822,6.7464,3.1628,6.6951,1.9533,4.6143,-3.3038
"TCGA.EE.A20I.06A.11R.A18U.07",10.3649,14.6156,0.5986,3.8305,1.4582,3.0556,-5.2349
"TCGA.EE.A29A.06A.12R.A18U.07",-0.2925,8.2342,3.8038,7.8769,6.8043,7.5655,-6.8018
"TCGA.EE.A29B.06A.11R.A18U.07",7.3924,12.6541,2.7968,2.337,-1.2114,0.1231,-6.9373
"TCGA.EE.A29C.06A.21R.A18S.07",10.7246,13.4379,0.4066,2.854,2.8497,4.8401,-3.6956
"TCGA.EE.A29D.06A.11R.A18T.07",9.5523,14.5917,2.2272,3.4389,1.6147,0.969,-5.6201
"TCGA.EE.A29E.06A.11R.A18T.07",8.4656,13.0234,-1.2071,1.8624,3.219,0.9065,-6.2764
"TCGA.EE.A29G.06A.12R.A18T.07",6.407,11.8188,4.4864,4.9159,4.023,5.4621,3.1292
"TCGA.EE.A29H.06A.12R.A18S.07",10.465,14.6594,2.2617,3.0045,2.406,2.4421,-3.8629
"TCGA.EE.A29L.06A.12R.A18S.07",10.1094,13.9865,-0.4921,0.7096,-1.2237,-1.2946,-8.672
"TCGA.EE.A29M.06A.11R.A18T.07",11.3796,14.3434,1.465,0.3677,-1.6312,-2.0968,-5.3111
"TCGA.EE.A29N.06A.12R.A18S.07",10.1609,13.8369,2.7261,4.6464,1.5569,3.1144,-4.108
"TCGA.EE.A29P.06A.11R.A18T.07",5.6488,12.0409,2.0507,3.8465,0.8386,2.1697,-6.0738
"TCGA.EE.A29Q.06A.11R.A18T.07",5.5386,15.1577,2.9221,5.4606,2.1371,0.5614,-8.5132
"TCGA.EE.A29R.06A.11R.A18T.07",3.2616,13.0648,5.3807,7.8507,4.888,6.2957,-6.0636
"TCGA.EE.A29S.06A.11R.A18T.07",4.9429,11.9823,3.3959,2.4857,0.7878,3.3785,-4.6582
"TCGA.EE.A29T.06A.11R.A18T.07",3.2311,10.3226,3.967,6.7277,5.3388,5.3887,-4.958
"TCGA.EE.A29V.06A.12R.A18S.07",11.162,15.4636,-0.3603,0.7643,0.5732,1.3562,-4.8947
"TCGA.EE.A29W.06A.11R.A18U.07",-3.7607,5.3885,5.7299,9.5322,5.8835,7.1883,-5.8459
"TCGA.EE.A29X.06A.11R.A18T.07",7.8796,12.3899,3.9895,6.3351,2.8591,4.3702,-4.2395
"TCGA.EE.A2A0.06A.11R.A18T.07",5.8107,13.5937,5.1546,4.3802,1.8759,5.662,-2.6191
"TCGA.EE.A2A1.06A.11R.A18T.07",7.2724,13.0828,2.8867,3.6162,2.5435,4.6054,-2.4923
"TCGA.EE.A2A2.06A.11R.A18T.07",8.9917,13.9517,2.4591,2.0002,-0.1061,-0.1298,-6.284
"TCGA.EE.A2A5.06A.11R.A18T.07",4.2095,15.1735,6.8508,7.6884,1.368,3.1403,-4.7443
"TCGA.EE.A2A6.06A.11R.A18T.07",7.3867,13.0565,2.3044,4.6224,3.4944,0.8557,-5.958
"TCGA.EE.A2GB.06A.11R.A18T.07",9.7766,15.0657,1.7212,4.0258,-1.2977,-1.2714,-8.1842
"TCGA.EE.A2GC.06A.11R.A18T.07",6.8523,12.7837,0.6658,4.0552,3.9238,3.2085,-5.1715
"TCGA.EE.A2GD.06A.11R.A18T.07",4.9989,10.1305,4.9053,5.1985,5.2312,8.0331,-3.5376
"TCGA.EE.A2GE.06A.11R.A18T.07",1.8153,7.8753,6.0561,7.4274,5.2428,7.5272,-2.3619
"TCGA.EE.A2GH.06A.11R.A18T.07",6.5712,13.2403,4.8664,5.1288,3.1399,4.1823,-2.0535
"TCGA.EE.A2GI.06A.11R.A18T.07",7.2154,14.0152,5.3772,5.5466,2.0431,1.0789,-5.1347
"TCGA.EE.A2GJ.06A.11R.A18U.07",6.9326,11.5015,1.6982,5.4582,2.3019,5.1962,-4.9517
"TCGA.EE.A2GK.06A.11R.A18S.07",2.5913,3.5397,-0.0471,1.4252,2.0741,5.3062,-0.1698
"TCGA.EE.A2GL.06A.11R.A18S.07",6.7218,13.5574,4.9832,4.9083,1.6264,3.1189,-4.4262
"TCGA.EE.A2GM.06B.11R.A18S.07",6.9058,14.9807,3.8561,5.5785,-0.8675,-0.8757,-8.0849
"TCGA.EE.A2GN.06A.11R.A18S.07",6.1766,13.9618,6.1447,6.2007,0.6818,3.213,-5.6006
"TCGA.EE.A2GO.06A.11R.A18S.07",-0.5065,4.5503,1.6287,7.8448,8.1483,11.04,-6.4734
"TCGA.EE.A2GP.06A.11R.A18S.07",3.8966,11.5911,5.6333,5.9232,4.3123,4.85,-3.4085
"TCGA.EE.A2GR.06A.11R.A18S.07",6.9955,13.6682,2.0401,3.5878,1.1498,0.8709,-8.0725
"TCGA.EE.A2GS.06A.12R.A18S.07",4.7934,12.7663,7.2226,7.3588,0.5454,1.6556,-6.7696
"TCGA.EE.A2GT.06A.12R.A18S.07",8.1364,12.7896,2.041,3.658,1.9656,3.1401,-2.531
"TCGA.EE.A2GU.06A.11R.A18T.07",8.2739,13.8347,1.3331,1.5605,-0.3754,-1.9096,-6.3034
"TCGA.EE.A2M5.06A.12R.A18S.07",-3.2768,-2.7836,-1.2565,1.3242,2.031,13.3561,4.2347
"TCGA.EE.A2M6.06A.12R.A18S.07",2.3709,11.2774,4.7426,6.6312,3.2831,1.5769,-5.5829
"TCGA.EE.A2M7.06A.11R.A18U.07",-2.3725,5.2707,5.9167,8.3196,4.2793,4.7341,-6.3051
"TCGA.EE.A2M8.06A.12R.A18S.07",7.1189,14.7365,4.241,4.3835,0.9453,3.7063,-3.2791
"TCGA.EE.A2MC.06A.12R.A18S.07",0.0333,1.0888,0.1669,4.4127,3.9118,10.1972,1.9131
"TCGA.EE.A2MD.06A.11R.A18T.07",10.8363,14.6508,1.6223,2.5942,0.2756,-0.3347,-4.5863
"TCGA.EE.A2ME.06A.11R.A18T.07",5.3979,11.8822,3.8275,3.6599,3.4711,5.577,-0.7575
"TCGA.EE.A2MF.06A.11R.A21D.07",5.2191,12.6888,5.147,4.973,-2.9533,-1.1026,-7.6474
"TCGA.EE.A2MG.06A.11R.A18T.07",6.458,11.9645,4.4779,5.2086,3.8289,6.1477,-1.1491
"TCGA.EE.A2MH.06A.11R.A18S.07",6.8734,12.9568,5.1165,5.2052,3.0639,0.8699,-4.4234
"TCGA.EE.A2MI.06A.11R.A18U.07",-0.861,4.7283,0.772,7.8231,6.9877,8.6207,-3.0883
"TCGA.EE.A2MJ.06A.11R.A18S.07",8.8752,14.2879,2.8943,2.2286,0.6498,1.8349,-3.3271
"TCGA.EE.A2MK.06A.11R.A18S.07",1.7477,10.4849,4.6499,6.2821,2.6669,2.7391,-6.4002
"TCGA.EE.A2ML.06A.11R.A18S.07",8.6669,13.8525,3.3476,4.7269,-0.4109,2.9562,-5.1808
"TCGA.EE.A2MM.06A.11R.A18S.07",0.1848,5.1215,0.3056,7.1277,4.3612,5.5633,-4.5763
"TCGA.EE.A2MN.06A.11R.A18S.07",8.4523,14.7007,3.1089,4.6865,0.6199,-0.2898,-6.3221
"TCGA.EE.A2MP.06A.11R.A18S.07",3.5709,12.6878,4.8597,7.0678,3.2091,2.3745,-5.5213
"TCGA.EE.A2MQ.06A.11R.A18S.07",7.8904,13.0656,4.3768,4.0319,2.1294,5.3324,-6.7727
"TCGA.EE.A2MR.06A.11R.A18S.07",-0.3874,1.4166,-0.0918,3.7461,6.8024,9.325,-0.7481
"TCGA.EE.A2MS.06A.11R.A18S.07",5.2913,13.998,6.582,7.514,2.9636,0.4542,-5.8219
"TCGA.EE.A2MT.06A.11R.A18S.07",8.2086,12.9988,0.5604,3.18,3.6822,5.0096,-5.1738
"TCGA.EE.A2MU.06A.21R.A18S.07",9.2728,13.4181,1.0872,2.82,1.7697,3.071,-5.128
"TCGA.EE.A3AA.06A.11R.A18S.07",3.7467,10.5306,2.9939,4.624,2.6899,4.2715,-5.524
"TCGA.EE.A3AB.06A.11R.A18S.07",-2.2659,4.055,4.9637,8.629,7.6264,9.1146,-4.9093
"TCGA.EE.A3AC.06A.11R.A18S.07",5.9017,11.7664,1.2236,3.3868,1.2517,1.7881,-6.6966
"TCGA.EE.A3AD.06A.11R.A18S.07",9.4154,15.1821,2.3397,4.2812,0.3124,0.2155,-6.4395
"TCGA.EE.A3AE.06A.11R.A18S.07",6.8947,13.4117,1.4676,4.6189,-0.2154,-0.5456,-6.6096
"TCGA.EE.A3AF.06A.11R.A18S.07",7.9622,12.8049,-0.097,1.9063,1.7772,2.8619,-5.0769
"TCGA.EE.A3AG.06A.31R.A18S.07",-1.5709,3.7579,1.9784,7.0162,6.7175,6.3353,-4.9276
"TCGA.EE.A3AH.06A.11R.A18S.07",3.6543,14.2204,8.1766,6.9767,2.2336,2.0621,-7.3941
"TCGA.EE.A3J3.06A.11R.A20F.07",4.9141,13.5256,6.0284,5.793,3.6419,3.877,-5.1424
"TCGA.EE.A3J4.06A.11R.A20F.07",5.879,12.8321,3.2738,3.4526,0.6372,2.3848,-7.6932
"TCGA.EE.A3J5.06A.11R.A20F.07",9.6659,14.6773,1.5125,4.3057,1.7176,2.3458,-4.9498
"TCGA.EE.A3J7.06A.11R.A20F.07",4.408,13.0676,6.7594,5.774,-0.0575,0.0985,-7.9449
"TCGA.EE.A3J8.06A.11R.A20F.07",1.6125,9.5793,5.8358,6.6787,0.8715,2.3196,-4.9051
"TCGA.EE.A3JA.06A.11R.A20F.07",7.1795,13.3539,1.6975,2.429,1.8745,1.2354,-5.8598
"TCGA.EE.A3JB.06A.11R.A21D.07",-2.9974,2.3852,3.5636,6.6876,8.2744,9.6817,-3.7161
"TCGA.EE.A3JD.06A.11R.A20F.07",0.0934,3.7258,0.8329,5.7599,6.4226,8.0487,-3.1118
"TCGA.EE.A3JE.06A.11R.A20F.07",4.2616,9.7851,5.2159,4.8072,3.9383,5.8227,-2.9348
"TCGA.EE.A3JH.06A.11R.A21D.07",6.9841,12.8203,3.7856,4.0566,2.0747,4.2103,-2.2122
"TCGA.EE.A3JI.06A.11R.A21D.07",5.0665,10.3536,3.8856,5.4131,-2.8484,-0.7749,-7.4115
"TCGA.ER.A193.06A.12R.A18S.07",7.6583,12.6202,2.8239,3.2248,2.669,4.9339,-3.3947
"TCGA.ER.A194.01A.11R.A18U.07",8.4591,12.9977,1.1519,2.082,0.4769,2.2649,-4.4887
"TCGA.ER.A195.06A.11R.A18U.07",1.7827,7.2956,2.4504,5.9687,4.19,6.8598,-2.2125
"TCGA.ER.A196.01A.11R.A18T.07",8.4047,11.1963,0.7336,3.4488,4.3064,7.4527,3.6674
"TCGA.ER.A197.06A.32R.A18S.07",8.3019,13.2679,1.1531,3.5721,2.8459,4.418,-3.495
"TCGA.ER.A198.06A.11R.A18T.07",8.9251,14.3959,2.1352,2.2971,-0.8351,0.9285,-5.8689
"TCGA.ER.A199.06A.11R.A18T.07",4.43,12.1814,4.2875,6.3479,0.8693,2.5084,-5.128
"TCGA.ER.A19A.06A.21R.A18U.07",3.5216,5.7176,0.8201,4.9132,6.4643,9.4488,2.52
"TCGA.ER.A19B.06A.11R.A18S.07",4.2197,14.821,7.1454,7.6737,3.7175,2.1395,-8.0766
"TCGA.ER.A19C.06A.11R.A18S.07",10.9821,16.4405,2.7198,4.8035,3.4577,3.4945,-3.4173
"TCGA.ER.A19D.06A.11R.A18S.07",-1.046,4.928,5.243,7.8472,4.7663,6.9827,-0.4172
"TCGA.ER.A19E.06A.11R.A18S.07",-1.6463,6.7415,4.2976,7.9201,4.3099,3.6255,-4.0591
"TCGA.ER.A19F.06A.11R.A18S.07",7.6459,13.643,2.5868,4.7136,0.8871,1.013,-8.1706
"TCGA.ER.A19G.06A.11R.A18U.07",6.2154,12.8195,5.0751,3.9474,0.7931,1.4341,-5.9083
"TCGA.ER.A19H.06A.12R.A18S.07",4.3163,13.3225,7.6929,7.1333,1.8999,2.1749,-6.3275
"TCGA.ER.A19J.06A.11R.A18S.07",5.3009,14.3475,4.8251,3.896,1.0558,3.8135,-4.84
"TCGA.ER.A19K.01A.21R.A18T.07",11.3871,12.3064,-0.673,-0.2032,-0.3378,1.2616,-3.3469
"TCGA.ER.A19L.06A.12R.A18S.07",2.805,13.7957,4.9656,8.1672,3.6126,6.2959,-4.0401
"TCGA.ER.A19M.06A.61R.A239.07",6.9394,15.3309,4.9614,6.372,2.7458,2.0264,-6.113
"TCGA.ER.A19N.06A.11R.A18S.07",4.0781,10.8132,3.0717,5.2681,4.5987,6.2644,-2.0775
"TCGA.ER.A19O.06A.11R.A18S.07",7.029,12.7479,1.7805,3.073,3.4976,7.0092,-0.0232
"TCGA.ER.A19P.06A.11R.A18S.07",4.7817,9.7386,2.9587,4.5229,1.7815,3.5449,-2.331
"TCGA.ER.A19Q.06A.11R.A18U.07",10.3348,15.5568,4.0807,3.7328,2.1553,3.8655,-3.4052
"TCGA.ER.A19S.06A.11R.A18U.07",2.9321,12.8046,5.3908,6.0742,2.3314,2.9003,-4.9278
"TCGA.ER.A19T.01A.11R.A18T.07",5.5218,10.4431,1.5606,2.4399,1.1364,2.4982,-4.9114
"TCGA.ER.A19T.06A.11R.A18U.07",6.2293,11.9906,2.1038,4.8834,2.54,3.1309,-4.1928
"TCGA.ER.A19W.06A.41R.A239.07",8.5967,15.2475,3.6861,3.5458,-0.5633,0.64,-5.6637
"TCGA.ER.A1A1.06A.11R.A18U.07",6.2758,7.7802,-0.4823,-0.1207,1.1533,3.3277,-1.3787
"TCGA.ER.A2NB.01A.12R.A18S.07",7.9288,10.4792,1.0899,1.4008,2.5474,6.2858,3.1974
"TCGA.ER.A2NC.06A.11R.A18T.07",-1.7736,4.4793,4.1352,7.6134,7.0981,8.9012,-0.6388
"TCGA.ER.A2ND.06A.11R.A18T.07",9.1157,13.2466,-0.007,0.8062,1.3892,0.2463,-6.3364
"TCGA.ER.A2NE.06A.21R.A18T.07",9.7825,16.2435,3.1263,4.9553,0.3631,-0.4704,-7.4994
"TCGA.ER.A2NF.01A.11R.A18T.07",8.0043,13.8907,1.0431,-0.5604,0.3715,2.7068,-2.7498
"TCGA.ER.A2NF.06A.11R.A18T.07",8.3239,13.4601,0.5821,-1.9391,-3.0225,-2.2538,-5.5698
"TCGA.ER.A2NG.06A.11R.A18T.07",10.8663,14.0574,0.5522,2.0736,1.9396,3.4165,-4.4717
"TCGA.ER.A2NH.06A.11R.A18S.07",3.2398,12.9141,5.9722,6.9285,2.9437,5.3546,-2.0578
"TCGA.ER.A3ES.06A.11R.A20F.07",6.1745,13.0226,2.6451,1.1531,-3.1405,-3.7092,-8.1247
"TCGA.ER.A3ET.06A.11R.A20F.07",6.5087,11.8993,2.1795,3.0146,2.5031,5.3369,-1.2519
"TCGA.ER.A3EV.06A.11R.A20F.07",8.5796,13.2001,2.2808,1.3401,0.0747,1.5588,-2.8088
"TCGA.ER.A3PL.06A.11R.A239.07",3.9011,12.9626,3.6111,5.8614,3.2236,3.0736,-7.8507
"TCGA.ER.A42H.01A.11R.A24X.07",5.9798,12.2191,3.8325,2.4819,-0.0491,1.5586,-7.5457
"TCGA.ER.A42K.06A.11R.A24X.07",-1.7783,7.5307,6.2686,8.9469,7.2261,7.6637,-6.5723
"TCGA.ER.A42L.06A.11R.A24X.07",4.3959,11.9313,5.571,5.4892,0.8695,4.4172,-1.2937
"TCGA.FR.A2OS.01A.11R.A21D.07",6.9608,13.4632,4.2347,4.2822,1.9682,3.8684,-5.6855
"TCGA.FR.A3R1.01A.11R.A239.07",5.7458,10.8161,-1.4446,4.1853,2.1564,0.9859,-7.0612
"TCGA.FR.A3YN.06A.11R.A239.07",8.7728,14.578,3.0423,3.5598,0.7832,0.0474,-8.3334
"TCGA.FR.A3YO.06A.11R.A239.07",10.5435,13.892,-0.2929,1.4209,2.8954,4.9192,-4.1411
"TCGA.FR.A44A.06A.11R.A24X.07",8.1575,14.3354,4.6683,5.364,3.6941,2.6321,-4.7671
"TCGA.FR.A69P.06A.21R.A311.07",4.3742,13.6934,5.4974,7.1379,0.3253,2.1923,-5.925
"TCGA.FR.A726.01A.11R.A32P.07",8.0092,13.1701,0.9328,2.3391,1.7793,3.6998,-2.3582
"TCGA.FR.A728.01A.11R.A32P.07",7.9292,12.5648,1.1096,3.714,3.59,4.9781,-4.3694
"TCGA.FR.A729.06A.11R.A352.07",4.7904,13.024,5.7151,6.31,1.6415,1.583,-4.4511
"TCGA.FR.A7U8.06A.21R.A352.07",5.7746,14.7132,4.1066,5.2421,0.0191,1.454,-5.9499
"TCGA.FR.A7U9.06A.11R.A352.07",-0.5344,0.1822,-1.5851,-0.0113,3.002,10.9275,2.298
"TCGA.FR.A7UA.06A.32R.A352.07",5.5719,9.8397,0.2665,1.4524,1.1279,3.3046,-3.5324
"TCGA.FR.A8YC.06A.11R.A37K.07",5.0243,11.7591,3.6951,4.5426,0.0842,1.6066,-6.1427
"TCGA.FR.A8YD.06A.11R.A37K.07",8.3654,13.9391,4.5165,3.579,-1.4996,0.049,-2.8535
"TCGA.FR.A8YE.06A.11R.A37K.07",1.7368,8.3763,4.7799,8.1452,5.7275,6.8417,-2.0557
"TCGA.FS.A1YW.06A.11R.A18T.07",6.0397,12.9169,3.1814,3.7118,-0.9171,0.5003,-5.5153
"TCGA.FS.A1YX.06A.11R.A18T.07",3.9503,12.6358,4.6325,5.6967,2.538,5.6273,-6.3486
"TCGA.FS.A1YY.06A.11R.A18T.07",9.5216,14.5423,1.8692,2.3448,1.8537,3.8354,-4.1603
"TCGA.FS.A1Z0.06A.11R.A18T.07",2.5797,11.8401,5.9764,7.1141,1.6737,2.323,-5.859
"TCGA.FS.A1Z3.06A.11R.A18T.07",6.7937,14.2789,5.7934,6.2378,2.8029,1.3237,-7.6085
"TCGA.FS.A1Z4.06A.11R.A18T.07",3,9.574,0.176,3.7584,2.1455,3.9016,-4.0381
"TCGA.FS.A1Z7.06A.11R.A18T.07",6.4366,14.3867,6.2821,8.4455,4.0727,5.9229,-4.527
"TCGA.FS.A1ZA.06A.11R.A18T.07",-1.4754,5.3442,1.7061,6.9465,3.5513,5.4302,-5.2021
"TCGA.FS.A1ZB.06A.12R.A18S.07",8.7964,12.9132,2.3448,2.5569,2.7647,6.4299,0.4987
"TCGA.FS.A1ZC.06A.11R.A18T.07",-2.9868,1.8872,3.9322,7.3237,6.1715,5.4822,-6.8849
"TCGA.FS.A1ZD.06A.11R.A18T.07",-3.1474,4.754,5.5882,8.5141,6.5475,6.8765,-5.1353
"TCGA.FS.A1ZE.06A.11R.A18T.07",7.6647,15.6014,3.7665,5.867,3.61,1.3437,-6.5391
"TCGA.FS.A1ZF.06A.12R.A18S.07",4.4679,13.7445,5.1647,5.499,-0.0756,2.1567,-7.0221
"TCGA.FS.A1ZG.06A.11R.A18T.07",10.0128,14.0776,0.6594,2.1789,-1.5116,-0.6538,-7.6197
"TCGA.FS.A1ZH.06A.11R.A18T.07",-1.8958,4.1641,5.6948,8.3132,6.2659,8.7864,-2.6864
"TCGA.FS.A1ZJ.06A.12R.A18S.07",4.7943,11.5256,3.2205,3.7066,-0.2299,-0.1299,-5.3565
"TCGA.FS.A1ZK.06A.11R.A18T.07",9.3597,14.7259,2.3969,3.3108,1.0639,0.2674,-6.3625
"TCGA.FS.A1ZM.06A.12R.A18S.07",4.0453,12.2133,7.2061,5.8428,4.684,5.9857,-3.9067
"TCGA.FS.A1ZN.01A.11R.A18T.07",5.6999,13.1122,5.5182,5.5892,0.1978,3.1897,-3.3149
"TCGA.FS.A1ZP.06A.11R.A18T.07",6.475,13.4928,5.2848,5.4098,-0.0659,2.9124,-4.012
"TCGA.FS.A1ZQ.06A.11R.A18U.07",9.5246,14.1062,2.4593,3.4661,1.8228,1.2742,-3.7454
"TCGA.FS.A1ZR.06A.21R.A18U.07",5.4396,15.4048,6.6232,5.5165,0.2586,2.1279,-4.0317
"TCGA.FS.A1ZS.06A.12R.A18T.07",-2.6647,-0.4049,-1.7731,3.92,6.297,12.2425,0.9445
"TCGA.FS.A1ZT.06A.11R.A18U.07",6.6938,14.7795,5.7504,4.2577,0.4701,-1.0027,-5.7666
"TCGA.FS.A1ZU.06A.12R.A18T.07",5.8576,13.9144,4.4753,4.3502,-0.4587,0.0143,-6.4881
"TCGA.FS.A1ZW.06A.12R.A18T.07",3.5817,13.3759,4.4258,6.4054,2.3464,0.7874,-6.3823
"TCGA.FS.A1ZY.06A.11R.A18S.07",6.6001,15.6267,6.1342,5.2689,-1.3507,-0.7954,-6.2539
"TCGA.FS.A1ZZ.06A.11R.A18S.07",7.6972,14.1764,3.5956,4.4956,-1.1769,-0.892,-5.832
"TCGA.FS.A4F0.06A.11R.A24X.07",6.8757,11.549,2.6722,3.2872,-1.4306,-1.2499,-8.6666
"TCGA.FS.A4F2.06A.11R.A24X.07",5.958,9.6783,0.1714,3.4308,2.1751,3.7286,-5.9466
"TCGA.FS.A4F4.06A.12R.A266.07",9.1918,14.7663,2.0337,3.8978,2.5908,3.9675,-5.554
"TCGA.FS.A4F5.06A.11R.A266.07",7.2961,14.6666,4.3542,5.6289,2.3565,3.2237,-8.1247
"TCGA.FS.A4F8.06A.11R.A266.07",4.1372,9.5019,2.1684,4.7422,4.1359,6.052,-1.4428
"TCGA.FS.A4F9.06A.11R.A24X.07",7.6124,11.7749,0.4995,3.4036,-1.2378,1.2889,-5.8449
"TCGA.FS.A4FB.06A.11R.A266.07",4.8886,15.5904,6.8356,7.3753,-0.8967,-0.7268,-8.4359
"TCGA.FS.A4FC.06A.11R.A24X.07",7.3256,13.5689,2.8834,6.3221,1.9132,5.3389,-4.2224
"TCGA.FS.A4FD.06A.11R.A266.07",4.7948,13.5289,6.1057,5.0541,1.081,1.314,-4.6134
"TCGA.FW.A3I3.06A.11R.A21D.07",6.4298,12.3664,4.46,3.1485,-0.9399,1.4146,-1.7807
"TCGA.FW.A3R5.06A.11R.A239.07",10.5763,12.2403,-0.977,2.1764,3.0026,3.9519,-7.2028
"TCGA.FW.A3TU.06A.11R.A239.07",10.102,13.8415,-0.2743,0.1161,1.0538,0.7009,-3.4343
"TCGA.FW.A3TV.06A.11R.A239.07",9.535,16.076,0.1267,2.8283,1.597,1.9106,-4.958
"TCGA.FW.A5DX.01A.11R.A27Q.07",3.6893,13.3391,7.0756,6.9988,2.9949,-0.997,-7.5839
"TCGA.FW.A5DY.06A.11R.A311.07",4.3984,8.6081,4.6561,4.6388,1.5238,4.0066,-3.1664
"TCGA.GF.A2C7.01A.11R.A18T.07",7.3465,15.299,3.6589,3.8071,0.8087,2.5335,-3.9007
"TCGA.GF.A3OT.06A.23R.A239.07",-2.0765,-1.856,-1.4321,1.7155,4.6344,13.0614,1.6087
"TCGA.GF.A4EO.06A.12R.A24X.07",5.0329,9.9441,6.0945,4.4481,2.3229,2.6466,-4.6035
"TCGA.GF.A6C8.06A.12R.A311.07",2.1456,11.3892,7.3197,7.3366,0.7883,1.4314,-6.4929
"TCGA.GF.A6C9.06A.11R.A311.07",1.5727,1.472,0.0142,3.9428,6.6273,8.9403,-2.1197
"TCGA.GF.A769.01A.32R.A32P.07",3.3273,13.1778,5.9623,6.5785,2.3899,3.8706,-7.1125
"TCGA.GN.A262.06A.11R.A18T.07",5.3374,14.1603,6.0178,5.3678,-2.5772,-2.2524,-8.8459
"TCGA.GN.A263.01A.11R.A18T.07",10.3879,12.6072,-0.9112,-0.3481,1.1895,2.1888,-5.4285
"TCGA.GN.A264.06A.11R.A18U.07",7.2859,12.1447,0.8025,2.3292,0.5279,2.5482,-6.9848
"TCGA.GN.A265.06A.21R.A18T.07",2.4033,7.6385,3.1647,5.7648,5.8778,8.6573,-2.2413
"TCGA.GN.A266.06A.11R.A18T.07",1.7495,4.5904,1.3926,6.6826,8.2499,9.3179,-1.5381
"TCGA.GN.A267.06A.21R.A18T.07",7.0109,12.798,2.7843,3.6464,0.4669,0.7528,-8.2575
"TCGA.GN.A268.06A.11R.A18T.07",9.0553,14.1082,0.4329,1.6846,-2.1645,-0.8186,-7.2798
"TCGA.GN.A26A.06A.11R.A18T.07",1.8286,5.6686,2.9379,6.442,8.0984,10.0316,-4.4492
"TCGA.GN.A26C.01A.11R.A18T.07",-0.4593,1.495,-0.4894,4.3801,7.0715,8.2979,-2.3465
"TCGA.GN.A26D.06A.11R.A18T.07",7.0431,14.0288,3.4666,3.458,2.5436,-0.3143,-6.8177
"TCGA.GN.A4U3.06A.11R.A32P.07",5.7578,12.6325,4.2452,3.8305,-1.6991,0.3292,-7.5236
"TCGA.GN.A4U4.06A.11R.A32P.07",5.1796,14.1685,5.206,4.394,-1.2182,-1.3799,-6.296
"TCGA.GN.A4U5.01A.11R.A32P.07",6.7428,13.4532,5.15,5.6456,2.1152,3.4614,-1.7004
"TCGA.GN.A4U7.06A.21R.A32P.07",10.7168,14.4945,1.3373,1.2201,-1.4039,-1.8142,-7.2214
"TCGA.GN.A4U8.06A.11R.A32P.07",6.5466,12.4121,3.9819,3.7076,0.0198,-1.0561,-7.532
"TCGA.GN.A4U8.11A.11R.A32P.07",6.1214,10.4146,2.7758,3.4919,1.6523,2.1408,-4.1118
"TCGA.GN.A4U9.06A.11R.A32P.07",-3.7563,-0.7321,-1.0837,2.1454,0.773,4.2384,0.0642
"TCGA.GN.A8LK.06A.11R.A37K.07",11.0945,13.8024,-1.8957,0.2633,-1.8646,-1.7085,-7.2569
"TCGA.GN.A8LL.06A.21R.A37K.07",9.0606,12.5885,0.306,0.1979,-0.1054,-0.8281,-4.7758
"TCGA.GN.A8LN.01A.11R.A37K.07",4.6667,11.9395,4.9528,6.6044,2.1672,2.8384,-6.8756
"TCGA.GN.A9SD.06A.11R.A40A.07",5.9061,13.8369,4.7076,6.3195,2.656,4.2573,-4.2898
"TCGA.HR.A2OG.06A.21R.A18U.07",1.0301,6.8565,5.5785,5.8842,6.5949,8.2092,-3.9698
"TCGA.HR.A2OH.06A.11R.A18U.07",7.9056,13.5829,5.6116,3.5515,1.5584,1.0853,-5.16
"TCGA.HR.A5NC.01A.11R.A27Q.07",6.579,16.226,6.6287,7.5172,0.4849,3.2109,-2.8325
"TCGA.IH.A3EA.01A.11R.A20F.07",8.8554,12.8613,1.404,2.7177,1.1164,2.9497,-4.5711
"TCGA.LH.A9QB.06A.11R.A38C.07",-2.632,5.0711,3.6524,7.0956,4.2622,6.0457,-7.3062
"TCGA.OD.A75X.06A.12R.A32P.07",4.9875,13.4961,4.6674,5.1023,-0.4096,0.8325,-4.0137
"TCGA.QB.A6FS.06A.11R.A311.07",9.2553,14.7365,2.334,2.0727,1.2881,2.6014,-3.9182
"TCGA.QB.AA9O.06A.11R.A39D.07",8.8332,14.3165,2.6432,4.6531,0.9051,-0.8876,-5.1401
"TCGA.RP.A690.06A.11R.A311.07",6.8455,12.1789,1.8182,1.5101,-0.7713,-0.2202,-3.0359
"TCGA.RP.A693.06A.13R.A311.07",5.9637,11.6433,2.5731,5.4926,1.59,3.1745,-5.7546
"TCGA.RP.A694.06A.11R.A311.07",9.0665,14.5093,1.2488,3.8546,-0.2718,0.4631,-6.5341
"TCGA.RP.A695.06A.11R.A311.07",10.4242,14.5207,0.7746,1.9003,-0.0759,0.0092,-6.2778
"TCGA.RP.A6K9.06A.41R.A352.07",8.7529,13.4448,0.75,1.015,-0.6,2.3411,-4.0645
"TCGA.W3.A824.06A.21R.A352.07",6.2265,11.8874,0.5983,2.2478,-0.4144,1.3013,-7.145
"TCGA.W3.A825.06A.11R.A352.07",-2.2358,3.0914,4.5499,6.989,6.1466,8.7246,1.1593
"TCGA.W3.A828.06A.11R.A352.07",-1.0571,-0.0703,2.2755,2.9339,5.2036,8.7256,4.5413
"TCGA.W3.AA1O.06A.11R.A38C.07",10.1307,15.0571,0.3224,2.3323,0.2263,1.1739,-7.793
"TCGA.W3.AA1Q.06A.11R.A38C.07",5.9515,13.3106,3.9559,5.6717,-0.4512,0.6931,-7.0192
"TCGA.W3.AA1R.06A.11R.A39D.07",9.7446,13.1853,-1.3247,1.7958,-1.2459,-0.4518,-6.7757
"TCGA.W3.AA1V.06B.11R.A40A.07",-1.4447,-1.552,-2.1983,-1.3459,0.5379,8.7911,2.413
"TCGA.W3.AA1W.06A.11R.A38C.07",8.1952,12.3057,-1.7553,0.7647,-0.5283,0.8459,-4.7257
"TCGA.W3.AA21.06A.11R.A38C.07",6.4236,12.7517,3.7922,3.061,1.0329,-0.08,-7.2262
"TCGA.WE.A8JZ.06A.11R.A37K.07",3.619,12.6219,2.8173,4.9627,1.9476,1.048,-7.5643
"TCGA.WE.A8K1.06A.21R.A37K.07",9.0496,14.9227,2.2244,1.8934,-0.5788,-0.1928,-6.5751
"TCGA.WE.A8K4.01A.12R.A37K.07",11.5572,14.7407,0.2792,-0.7223,-0.5909,-1.0114,-6.8973
"TCGA.WE.A8K5.06A.11R.A37K.07",4.8297,13.8607,3.8791,4.185,1.8915,2.5536,-7.0547
"TCGA.WE.A8K6.06A.11R.A37K.07",1.5337,8.0327,3.5128,7.7198,6.0259,7.6339,-6.5368
"TCGA.WE.A8ZM.06A.11R.A37K.07",3.3553,12.243,6.9754,7.378,2.7671,4.7995,-3.3256
"TCGA.WE.A8ZN.06A.11R.A37K.07",9.6385,13.8801,0.6937,2.6152,0.863,4.1523,-3.6505
"TCGA.WE.A8ZO.06A.11R.A37K.07",7.1969,14.6037,4.4984,6.191,1.4936,1.9373,-4.8703
"TCGA.WE.A8ZQ.06A.41R.A37K.07",0.1947,9.628,7.0234,7.5698,1.7008,3.6922,-6.9837
"TCGA.WE.A8ZR.06A.11R.A37K.07",9.9988,16.2416,3.547,3.4396,1.4301,0.4095,-7.3576
"TCGA.WE.A8ZT.06A.11R.A37K.07",3.356,13.2738,5.7214,6.8197,-1.8219,-1.2544,-7.7683
"TCGA.WE.A8ZX.06A.11R.A37K.07",6.1969,12.6024,3.4543,5.1257,0.637,-0.1911,-5.0179
"TCGA.WE.A8ZY.06A.11R.A37K.07",9.8275,13.6462,0.9096,1.2942,0.5906,0.847,-7.119
"TCGA.WE.AA9Y.06A.12R.A38C.07",7.1679,12.5912,2.9858,5.0828,4.3666,6.2262,-3.1699
"TCGA.WE.AAA0.06A.11R.A38C.07",9.6113,11.007,-0.3119,3.1934,1.2848,2.7265,-6.7939
"TCGA.WE.AAA3.06A.11R.A38C.07",7.7955,15.1754,4.1166,4.4179,0.9708,2.806,-5.3003
"TCGA.WE.AAA4.06A.12R.A38C.07",8.7264,12.3393,2.3983,1.4433,2.5272,4.5407,-3.2001
"TCGA.XV.A9VZ.01A.11R.A38C.07",1.8229,4.0562,1.6976,1.7521,2.1725,7.6572,3.5238
"TCGA.XV.A9W2.01A.11R.A39D.07",8.3694,12.5395,2.4534,2.591,1.82,3.3284,-0.9089
"TCGA.XV.A9W5.01A.11R.A38C.07",1.5513,11.0157,6.1252,8.112,6.4123,6.8364,-4.9793
"TCGA.XV.AAZV.01A.11R.A40A.07",4.7113,10.4683,3.444,6.7918,6.9814,8.1882,-1.6231
"TCGA.XV.AAZW.01A.12R.A40A.07",3.6388,11.3375,5.4391,5.3444,2.5615,4.4762,-2.7832
"TCGA.XV.AAZY.01A.12R.A40A.07",10.545,13.4353,0.928,0.6931,-0.2043,1.0405,-4.5968
"TCGA.XV.AB01.06A.12R.A40A.07",6.5672,14.4468,2.6335,3.4554,2.0085,2.6931,-3.7668
"TCGA.YD.A89C.06A.11R.A37K.07",0.4674,10.3805,6.1137,7.4597,1.8268,0.5887,-5.4447
"TCGA.YD.A9TA.06A.11R.A39D.07",-1.9431,-0.2049,0.1901,2.6141,4.9599,7.3801,1.5842
"TCGA.YD.A9TB.06A.12R.A40A.07",4.7673,14.0498,5.29,6.0491,2.8452,4.0912,-4.8468
"TCGA.YG.AA3N.01A.11R.A38C.07",10.7187,14.1645,0.7836,1.8442,0.8597,2.0532,-2.0523
"TCGA.YG.AA3O.06A.11R.A38C.07",10.065,12.3504,-1.0102,2.5471,0.7726,1.3708,-6.0819
"TCGA.YG.AA3P.06A.11R.A38C.07",3.8395,11.6921,4.6314,1.9272,-1.2162,-2.3241,-8.0338
"TCGA.Z2.A8RT.06A.11R.A37K.07",7.9955,15.1607,3.6552,5.4671,1.6999,0.3588,-6.2435
"TCGA.Z2.AA3S.06A.11R.A39D.07",6.2816,12.0898,3.33,1.9706,-3.7105,-3.0628,-7.9056
"TCGA.Z2.AA3V.06A.11R.A39D.07",11.5683,14.2438,0.1992,0.6894,0.075,2.607,-1.3517
