Sample,Glycolysis scores,OXPHOS scores,FAO Scores,HIF1 scores
TCGA.3N.A9WB.06A.11R.A38C.07,0.952012274877026,1.5859607972082,-0.12840097051874,0.227334470932098
TCGA.3N.A9WC.06A.11R.A38C.07,0.920643023340613,1.39304508110817,-0.372233713707963,0.224528187133712
TCGA.3N.A9WD.06A.11R.A38C.07,0.978045963730913,1.49448932295228,0.481037678063911,0.257926371911046
TCGA.BF.A1PU.01A.11R.A18S.07,0.894327673243857,1.38006271128803,-0.138719484643275,0.229703181035749
TCGA.BF.A1PV.01A.11R.A18U.07,0.885998376142172,1.36988012502673,0.0420598214806994,0.227444485359945
TCGA.BF.A1PX.01A.12R.A18T.07,0.972895845410029,1.43235183742078,0.144916945490844,0.236992745361338
TCGA.BF.A1PZ.01A.11R.A18S.07,0.899933215892848,1.52671713637409,0.252000692581139,0.218871608474759
TCGA.BF.A1Q0.01A.21R.A18S.07,0.911255617728464,1.3706100414012,-0.569672359660737,0.227809651524338
TCGA.BF.A3DJ.01A.11R.A20F.07,0.941983805258725,1.36046016261342,0.0212443447869978,0.249601433488368
TCGA.BF.A3DL.01A.11R.A20F.07,1.02104357814195,1.49364392875559,1.28888450424574,0.246956435098479
TCGA.BF.A3DM.01A.11R.A20F.07,1.06429594856373,1.48074120925474,0.132320697095593,0.271257894559086
TCGA.BF.A3DN.01A.11R.A20F.07,0.947737050983744,1.37342486978892,0.197254855611471,0.262601547764387
TCGA.BF.A5EO.01A.12R.A27Q.07,0.957922897423078,1.34789935238568,0.163829028624139,0.226986448015831
TCGA.BF.A5EP.01A.12R.A27Q.07,1.01839118520881,1.43105520109136,-0.37054760230617,0.258472952232692
TCGA.BF.A5EQ.01A.21R.A27Q.07,0.908382965910722,1.40126837175351,-0.169900737120581,0.225481009495252
TCGA.BF.A5ER.01A.12R.A27Q.07,0.920186120627203,1.4159518730641,0.423922423068142,0.202615962520575
TCGA.BF.A5ES.01A.11R.A27Q.07,0.945312609275194,1.46723688337573,0.474550940290543,0.222566235730661
TCGA.BF.A9VF.01A.11R.A37K.07,0.949082370193557,1.50348563497186,0.543268312629181,0.228403752302142
TCGA.BF.AAOU.01A.12R.A39D.07,0.983005038683847,1.49384876869923,0.12255226255729,0.234319190023159
TCGA.BF.AAOX.01A.11R.A39D.07,0.910867838356692,1.53220513303903,0.797886040201199,0.209699362468161
TCGA.BF.AAP0.06A.11R.A39D.07,0.922294278074791,1.46067682047314,-0.165633123326546,0.245585430485931
TCGA.BF.AAP1.01A.11R.A39D.07,0.917987259216688,1.48279510475002,0.322239537136406,0.222156493091127
TCGA.BF.AAP2.01A.11R.A40A.07,0.849439109677697,1.53261295718872,0.231137423540497,0.200425971430886
TCGA.BF.AAP4.01A.11R.A40A.07,0.892684202908246,1.49014785125686,-0.182847024775586,0.212901881169237
TCGA.BF.AAP6.01A.11R.A40A.07,0.947964671746274,1.4093238782428,0.242973373701542,0.225325100491742
TCGA.BF.AAP7.01A.11R.A40A.07,0.921425298444695,1.47012327320671,0.300240637896576,0.223807193540494
TCGA.BF.AAP8.01A.11R.A40A.07,0.880009442995009,1.56480059055288,0.0998944565161366,0.220996922266993
TCGA.D3.A1Q1.06A.21R.A18T.07,0.942037468271665,1.42633774699169,-0.163277647739334,0.261604628521967
TCGA.D3.A1Q3.06A.11R.A18T.07,0.886433198937563,1.37183417582135,-0.182138859433864,0.233383724029951
TCGA.D3.A1Q4.06A.11R.A18T.07,0.971820239606499,1.3275936236396,-0.0353848877381646,0.273763309157105
TCGA.D3.A1Q5.06A.11R.A18T.07,0.902231735225732,1.14844827489152,-0.476534054520909,0.252733821445441
TCGA.D3.A1Q6.06A.11R.A18T.07,0.993763106937868,1.30553070363664,-0.581706397778476,0.259682618941984
TCGA.D3.A1Q7.06A.11R.A18T.07,0.913353275573441,1.39619288772368,-0.173715838653563,0.259560269762389
TCGA.D3.A1Q8.06A.11R.A18T.07,0.936709403344165,1.28918883935221,-0.0285996505470075,0.226372065642568
TCGA.D3.A1Q9.06A.11R.A18T.07,0.903640772305601,1.45475691687879,-0.0597478326375685,0.249647481092167
TCGA.D3.A1QA.06A.11R.A18T.07,0.822896478570596,1.31163142392042,-0.361815990243182,0.217695077626263
TCGA.D3.A1QA.07A.11R.A37K.07,0.935875644836815,1.46475703350225,-0.0888860935248949,0.261867256726718
TCGA.D3.A1QB.06A.11R.A18T.07,0.929810607885386,1.48657229136366,0.356971423431295,0.245595425009654
TCGA.D3.A2J6.06A.11R.A18T.07,1.00264997485474,1.55996616068472,0.603624387616971,0.238218222168258
TCGA.D3.A2J7.06A.11R.A18T.07,0.940728837599584,1.34934121994943,-0.314457463074186,0.237982297422856
TCGA.D3.A2J8.06A.11R.A18T.07,0.927731206611502,1.34261336513656,-0.340151790075013,0.254513110193069
TCGA.D3.A2J9.06A.11R.A18T.07,0.785233736033208,1.32328461171942,-0.133120578068416,0.24402566943021
TCGA.D3.A2JA.06A.11R.A18T.07,0.915138628198973,1.28454679564463,-0.486719907694209,0.242861333854879
TCGA.D3.A2JB.06A.11R.A18T.07,0.848757770130668,1.3676569626794,-0.262013925817887,0.222014475576468
TCGA.D3.A2JC.06A.11R.A18T.07,0.926948200717146,1.38128682364543,-0.320758396436526,0.243596227700171
TCGA.D3.A2JD.06A.11R.A18T.07,0.965497216063213,1.40802364238445,0.479301689575607,0.243646692908739
TCGA.D3.A2JE.06A.11R.A37K.07,0.920910120674063,1.48175098091003,1.06562714867408,0.235867058649009
TCGA.D3.A2JF.06A.11R.A18S.07,0.821045406035076,1.37807962148718,-0.129132234686345,0.198133848459257
TCGA.D3.A2JG.06A.11R.A18T.07,0.947983517007724,1.55605771093112,-0.0506186192736409,0.257576498191416
TCGA.D3.A2JH.06A.11R.A18T.07,0.878304202032153,1.41777739757791,0.0144860872548775,0.230969087038669
TCGA.D3.A2JK.06A.11R.A18S.07,0.97959760532294,1.44578594432668,0.409811500632657,0.252021606498803
TCGA.D3.A2JL.06A.11R.A18S.07,0.911728548103136,1.50392752235143,0.0244155642192938,0.203781289551695
TCGA.D3.A2JN.06A.11R.A18S.07,1.01587158459789,1.47972917487537,-0.453955513058978,0.243870892722927
TCGA.D3.A2JO.06A.11R.A18S.07,0.879803585671167,1.40920140627193,-0.326771082275265,0.231453068363926
TCGA.D3.A2JP.06A.11R.A18S.07,0.928881421064496,1.52934811704526,0.220882475989024,0.23926205144105
TCGA.D3.A3BZ.06A.12R.A18S.07,0.949599611677061,1.43109301752145,0.800393037725017,0.263836491233982
TCGA.D3.A3C1.06A.12R.A18S.07,0.951072856476737,1.41051656372097,0.206043323407939,0.227553183244203
TCGA.D3.A3C3.06A.12R.A18S.07,0.834612890725305,1.5219697362928,-0.0203140944749794,0.230829948293552
TCGA.D3.A3C6.06A.12R.A18U.07,0.945957180111915,1.4901174405691,0.0186934192211724,0.245634901915858
TCGA.D3.A3C7.06A.11R.A18U.07,0.949461925162968,1.33432686701409,-0.259451752809985,0.238027732433065
TCGA.D3.A3C8.06A.12R.A18S.07,0.859976375612133,1.40208676694995,-0.17291400028997,0.232069639337634
TCGA.D3.A3CB.06A.11R.A18S.07,0.909296626080637,1.39598243498291,-0.0150541793846443,0.237307949513104
TCGA.D3.A3CC.06A.11R.A18S.07,0.92053772884764,1.47055808817137,0.393144534000325,0.223823792968697
TCGA.D3.A3CE.06A.11R.A18S.07,0.879895395479642,1.34156022480033,-0.0112055733810804,0.224388892351069
TCGA.D3.A3CF.06A.11R.A18T.07,0.920901914036433,1.46550359052249,0.45189067353886,0.230784712654906
TCGA.D3.A3ML.06A.11R.A21D.07,0.838437997114944,1.3297129234567,-0.305779963163856,0.219035830070312
TCGA.D3.A3MO.06A.11R.A21D.07,0.997860035277666,1.34724634463563,0.0848838277437894,0.266763107018477
TCGA.D3.A3MR.06A.11R.A21D.07,0.943389593044777,1.42841596056324,0.430411491282857,0.257210360488554
TCGA.D3.A3MU.06A.11R.A21D.07,0.934510404013172,1.39525536186049,-0.0272245859068735,0.235949597717988
TCGA.D3.A3MV.06A.11R.A21D.07,0.968418308809822,1.38151883605184,-0.0680209281413624,0.243543848955448
TCGA.D3.A51E.06A.11R.A266.07,0.926740388947735,1.36276395822052,-0.48598703407589,0.269303104795258
TCGA.D3.A51F.06A.11R.A266.07,0.888486284741892,1.30760727420105,0.160209977860369,0.240293358520681
TCGA.D3.A51G.06A.11R.A266.07,0.989565631224575,1.2203574471641,-0.450468439992362,0.264361643023815
TCGA.D3.A51H.06A.12R.A266.07,0.788367661839083,1.38080114530536,-0.231713028526314,0.217904839505258
TCGA.D3.A51J.06A.11R.A266.07,0.883913589822281,1.44590275452311,0.282961958303922,0.226296891097509
TCGA.D3.A51K.06A.11R.A266.07,0.932549829144393,1.51342882708092,0.312706234104574,0.221723212106419
TCGA.D3.A51N.06A.11R.A266.07,0.892561580594576,1.46727763898916,0.295045589290726,0.25352132827465
TCGA.D3.A51R.06A.11R.A266.07,0.952027540263507,1.34386844428175,-0.233432259022638,0.238411069761648
TCGA.D3.A51T.06A.11R.A266.07,0.851070102561626,1.34969294794604,-0.299608778787955,0.233571543982011
TCGA.D3.A5GL.06A.11R.A27Q.07,0.999894608342312,1.49901644093739,0.101822621882089,0.239514558695077
TCGA.D3.A5GN.06A.11R.A27Q.07,1.023871712107,1.34305957561768,-0.247044489841093,0.25408357314754
TCGA.D3.A5GO.06A.12R.A27Q.07,0.91339747471947,1.40659098828023,0.0575360062931735,0.221216547550732
TCGA.D3.A5GR.06A.11R.A27Q.07,0.963871518895279,1.3830725203925,-0.221326316125949,0.259034644301897
TCGA.D3.A5GS.06A.11R.A27Q.07,0.904653790015944,1.44910897768519,0.0572620245687371,0.246928724190093
TCGA.D3.A5GT.01A.12R.A311.07,0.832387494869657,1.50373548806781,-0.296479436148503,0.211368003418998
TCGA.D3.A5GU.06A.11R.A27Q.07,0.811248971398955,1.48193359364415,0.122914639662257,0.196447409376551
TCGA.D3.A8GB.06A.11R.A37K.07,0.924278910204765,1.45958390814357,0.0275572941676836,0.23841994400926
TCGA.D3.A8GC.06A.11R.A37K.07,0.922137445432031,1.47285799446081,0.00457709107253588,0.234044342906363
TCGA.D3.A8GD.06A.11R.A37K.07,0.865604111050991,1.41224078842538,0.165294003850767,0.235644520407373
TCGA.D3.A8GE.06A.11R.A37K.07,0.816909642132619,1.19071608147841,-0.137303702476733,0.218120816658844
TCGA.D3.A8GI.06A.11R.A37K.07,0.98445272655214,1.43245860617022,0.305166461881516,0.239510513036164
TCGA.D3.A8GJ.06A.11R.A37K.07,0.916900108879585,1.44787501668942,-0.106536748760084,0.251454512731927
TCGA.D3.A8GK.06A.11R.A37K.07,0.954377151482342,1.4295016186859,-0.0438674629489899,0.249325549399722
TCGA.D3.A8GL.06A.11R.A37K.07,0.825657981409381,1.41269657972356,-0.217417723384905,0.214569945188845
TCGA.D3.A8GM.06A.11R.A37K.07,0.921513741425798,1.38513845991677,0.197632489950951,0.246075618550459
TCGA.D3.A8GN.06A.11R.A37K.07,0.940151222242568,1.52615979576539,0.821056172896742,0.244508908676605
TCGA.D3.A8GO.06A.11R.A37K.07,0.939866771344517,1.47102842329536,0.537567919721399,0.240325791946511
TCGA.D3.A8GP.06A.11R.A37K.07,0.878731832534548,1.46823543949418,-0.372635802689614,0.248898189516447
TCGA.D3.A8GQ.06A.11R.A37K.07,0.867108876781328,1.34427273869958,-0.948649056979958,0.187798033399917
TCGA.D3.A8GR.06A.11R.A37K.07,0.887302379621213,1.61422900679771,0.765679083737427,0.212966216681995
TCGA.D3.A8GS.06A.12R.A37K.07,0.9137973859668,1.51761258104309,0.108705702199563,0.237474570856941
TCGA.D3.A8GV.06A.11R.A37K.07,0.972460257053363,1.57882770677483,0.474500756328975,0.235981029523266
TCGA.D9.A148.06A.11R.A18S.07,0.919279367735283,1.45022434945031,0.112744989246411,0.233953043466566
TCGA.D9.A149.06A.11R.A18S.07,0.817118689766144,1.3619352115504,-0.129735647467355,0.207291591370989
TCGA.D9.A1JW.06A.11R.A18S.07,0.899554798666576,1.44365500738417,0.00776913108088518,0.219626293901893
TCGA.D9.A1JX.06A.11R.A18S.07,0.899974395141454,1.29088124569155,-0.159392926209817,0.257004546715187
TCGA.D9.A1X3.06A.11R.A18S.07,0.834969523755278,1.31655038929902,-0.355093670394251,0.209950518014535
TCGA.D9.A3Z1.06A.11R.A239.07,0.912125618450538,1.6349157454469,0.513785246121366,0.214609247503752
TCGA.D9.A3Z3.06A.11R.A239.07,0.913898897641465,1.42767373300715,0.0445031536154451,0.230603238199595
TCGA.D9.A3Z4.01A.11R.A239.07,0.886702671817721,1.34168348039506,0.260363655974252,0.227367906280302
TCGA.D9.A4Z2.01A.11R.A24X.07,0.874596271195599,1.3666322307631,0.543863807522749,0.223701014989581
TCGA.D9.A4Z3.01A.11R.A266.07,0.82629815224142,1.47168665247469,0.771427722364969,0.204654945564594
TCGA.D9.A4Z5.01A.11R.A266.07,0.913393416385314,1.22579691104152,-0.745322603935659,0.271046379159119
TCGA.D9.A4Z6.06A.12R.A266.07,0.911460207282746,1.42344240669561,-0.00996940093140727,0.234912217915307
TCGA.D9.A6E9.06A.12R.A311.07,0.932754474301901,1.48683325624377,0.0978537861132068,0.244938642060766
TCGA.D9.A6EA.06A.11R.A311.07,0.961719734570242,1.3999535171594,-0.0578367527814381,0.246537863833004
TCGA.D9.A6EC.06A.11R.A311.07,0.938768731514359,1.47338876230469,0.21993211069601,0.213282901080883
TCGA.D9.A6EG.06A.12R.A32P.07,0.914681021905993,1.41130433976678,-0.371093591812597,0.237852416413705
TCGA.DA.A1HV.06A.21R.A18S.07,0.878560610554245,1.36633076227476,0.00739704369315054,0.240221934044669
TCGA.DA.A1HW.06A.11R.A18U.07,0.899586422029134,1.28736583442573,-0.504759220435029,0.237402597838885
TCGA.DA.A1HY.06A.11R.A18T.07,0.986841310856697,1.30004532670083,-0.398431423143543,0.252617699917698
TCGA.DA.A1I0.06A.11R.A20F.07,0.974489843763103,1.43189493274015,0.600245283901128,0.253612283527516
TCGA.DA.A1I1.06A.12R.A18U.07,0.932168573039303,1.2642914823444,-0.387338932782109,0.253929946189967
TCGA.DA.A1I2.06A.21R.A18U.07,0.90238423815239,1.39063416648742,-0.00504009519872404,0.247877680504217
TCGA.DA.A1I4.06A.11R.A18U.07,0.975990905869841,1.62480774905302,0.144085571074675,0.231857675915134
TCGA.DA.A1I5.06A.11R.A18T.07,0.972255046752156,1.52994963581487,0.0603099194392194,0.246813262470298
TCGA.DA.A1I7.06A.22R.A18S.07,1.00467287102159,1.25125584218007,-0.832128918157943,0.230772201550179
TCGA.DA.A1I8.06A.11R.A18T.07,0.983174689854664,1.27864233755775,0.00489849561543303,0.252141215266642
TCGA.DA.A1IA.06A.11R.A18S.07,0.951979978259332,1.36977706625245,0.297056665954455,0.206713543607979
TCGA.DA.A1IB.06A.11R.A18S.07,0.843960955210571,1.32757848270008,-0.400782273195108,0.241842684480827
TCGA.DA.A1IC.06A.11R.A18S.07,0.866922104307753,1.39501582890656,-0.212841097914102,0.226991908135513
TCGA.DA.A3F2.06A.11R.A20F.07,0.903112748536041,1.32555237178118,0.379589196096838,0.221034801717003
TCGA.DA.A3F3.06A.11R.A20F.07,0.810771692138905,1.34043144372152,-0.619325679058048,0.219890955116347
TCGA.DA.A3F5.06A.11R.A20F.07,1.03018464962034,1.37530934469345,-0.262073477202217,0.230328478364137
TCGA.DA.A3F8.06A.11R.A20F.07,0.836349411713212,1.37200642102447,-0.22951675922842,0.237926670426468
TCGA.DA.A95V.06A.11R.A37K.07,0.915998744640283,1.43657356713629,0.373035221924251,0.226224184087075
TCGA.DA.A95W.06A.11R.A37K.07,0.89595444592257,1.4941373455698,0.419141691019421,0.230817643840398
TCGA.DA.A95X.06A.11R.A37K.07,0.922769618471514,1.34794796980128,-0.0104101238953709,0.230270213119458
TCGA.DA.A95Y.06A.11R.A37K.07,0.978841414955104,1.56756354782362,0.572263172381102,0.226842280144724
TCGA.DA.A95Z.06A.11R.A37K.07,0.881828531009417,1.51054607057847,0.0340508931865732,0.223219185093326
TCGA.DA.A960.01A.11R.A37K.07,0.817243616003141,1.49923524153925,-0.485326830752748,0.185586039097239
TCGA.EB.A1NK.01A.11R.A18T.07,0.992309172976291,1.43036724478424,0.590925261968617,0.236591389965082
TCGA.EB.A24C.01A.11R.A18T.07,0.836458358091986,1.34548997202801,-0.241950122872611,0.224210916631991
TCGA.EB.A24D.01A.11R.A18T.07,0.837311692574333,1.34847619453783,-0.360546186744746,0.220521544803426
TCGA.EB.A299.01A.21R.A18U.07,0.936305614323589,1.35376163794249,0.260157744013497,0.262563206087916
TCGA.EB.A3HV.01A.11R.A21D.07,0.968101295170334,1.36492618793489,0.607852044097797,0.235705718048297
TCGA.EB.A3XB.01A.11R.A239.07,0.935629717626549,1.47202350980177,0.173620358069791,0.222042729365031
TCGA.EB.A3XC.01A.11R.A239.07,0.983709470430488,1.50353860228825,0.292587167437916,0.226409998775482
TCGA.EB.A3XD.01A.22R.A239.07,0.897554841262707,1.35113140192931,0.445969272035088,0.249674596012627
TCGA.EB.A3XE.01A.12R.A239.07,0.888548337621864,1.47814921901413,0.557086087599452,0.214045027683152
TCGA.EB.A3XF.01A.31R.A239.07,0.906762370741875,1.39182693731529,0.0945404575060375,0.215964209043338
TCGA.EB.A3Y6.01A.21R.A239.07,0.894414357539789,1.48937647994948,0.0441748437827707,0.217074843736635
TCGA.EB.A3Y7.01A.11R.A239.07,0.921190482117956,1.48481766089055,1.05264240558441,0.193316932137957
TCGA.EB.A41A.01A.11R.A24X.07,0.833337759404603,1.46575144782104,-0.226399534044151,0.20015779932822
TCGA.EB.A41B.01A.11R.A24X.07,0.857807913781842,1.55562675505539,0.0739148159858996,0.22536035522406
TCGA.EB.A42Y.01A.12R.A24X.07,0.939822785270549,1.47657691838695,-0.0446935132362085,0.253788240817592
TCGA.EB.A42Z.01A.12R.A24X.07,0.963695971093792,1.41629638911162,0.080606816916744,0.224978789900974
TCGA.EB.A430.01A.11R.A24X.07,0.914276812747828,1.53926127591186,0.434351660435432,0.228492915500726
TCGA.EB.A431.01A.11R.A266.07,0.936013709658728,1.46218379365627,0.0483592434843278,0.236628039539156
TCGA.EB.A44N.01A.11R.A266.07,0.970131188030485,1.38390179244815,0.137565754289444,0.262840296998663
TCGA.EB.A44O.01A.11R.A266.07,0.918305531687451,1.50916419351416,-0.151068769656594,0.205952760129415
TCGA.EB.A44P.01A.11R.A266.07,0.93296465948868,1.40483310860903,0.101974586023018,0.242891315025001
TCGA.EB.A44Q.06A.11R.A266.07,0.817053130066577,1.44045756984441,0.47946604110642,0.214258416193419
TCGA.EB.A44R.06A.41R.A266.07,0.876218361309516,1.47781917101007,0.0569752666045526,0.221870144498061
TCGA.EB.A4IQ.01A.12R.A266.07,0.969515534543214,1.34063603527385,-0.0944396442477844,0.253274973770041
TCGA.EB.A4IS.01A.21R.A266.07,0.844194090039456,1.27829872921641,-0.0840646813260315,0.222529852935014
TCGA.EB.A4OY.01A.11R.A266.07,0.905056921370985,1.4834113836395,0.507094118949183,0.199943355499544
TCGA.EB.A4OZ.01A.12R.A266.07,0.937504533940831,1.36466869490584,0.0558635187878717,0.235450360546509
TCGA.EB.A4P0.01A.41R.A266.07,0.85641848693049,1.46067799986994,0.115080535068786,0.186485567110506
TCGA.EB.A4XL.01A.11R.A27Q.07,0.865799296073937,1.31826923728114,0.270744024702946,0.249431543036004
TCGA.EB.A51B.01A.11R.A27Q.07,0.918554605379299,1.41237138296258,-0.00644266155313917,0.215926912636975
TCGA.EB.A550.01A.61R.A27Q.07,0.988534542750238,1.37663882920933,0.125416762328522,0.257147955345489
TCGA.EB.A551.01A.21R.A27Q.07,0.864154757322825,1.35526354874811,-0.201888508267716,0.216719329578238
TCGA.EB.A553.01A.12R.A27Q.07,0.902573857423244,1.52562413354665,0.416691965081776,0.194549569698462
TCGA.EB.A57M.01A.51R.A311.07,0.948373319906854,1.3417004738674,0.154470623028833,0.2367473229961
TCGA.EB.A5FP.01A.11R.A27Q.07,0.989963154401533,1.38336833459062,-0.348752311872024,0.235915003392158
TCGA.EB.A5KH.06A.11R.A27Q.07,0.903900629715268,1.42186059409099,0.189480327128844,0.232963815381729
TCGA.EB.A5SE.01A.11R.A311.07,0.891943533780884,1.41088725919917,-0.175562316257003,0.217764642233213
TCGA.EB.A5SF.01A.11R.A311.07,0.982509317788682,1.45031941873233,1.78642025417833,0.225067498308355
TCGA.EB.A5SG.06A.11R.A311.07,0.900208714097307,1.51034951892653,0.0228213602543047,0.230813742189083
TCGA.EB.A5SH.06A.11R.A311.07,0.879061029513746,1.34179745032063,-0.354829231945517,0.20783691447137
TCGA.EB.A5UL.06A.11R.A311.07,0.924448458560012,1.49310090949861,-0.109329607740798,0.24280443916743
TCGA.EB.A5UM.01A.11R.A311.07,0.810676089728776,1.41462938257971,0.163622802982329,0.176632873831149
TCGA.EB.A5UN.06A.11R.A311.07,0.951989964213189,1.43702687314887,0.550476552333445,0.244617772694772
TCGA.EB.A5VU.01A.21R.A32P.07,0.960166696338832,1.40342188540484,-0.0187248270559822,0.227404701067937
TCGA.EB.A5VV.06A.11R.A32P.07,0.653728567545856,1.28076652921954,0.293121341932265,0.211647453767653
TCGA.EB.A6L9.06A.11R.A32P.07,0.947621640853417,1.42197542747194,-0.026112469118922,0.247414127952531
TCGA.EB.A6QY.01A.12R.A32P.07,0.965518053806107,1.47121757856388,0.669022376701714,0.241305647123032
TCGA.EB.A6QZ.01A.12R.A32P.07,0.956098669163439,1.44784368388626,0.344772602744916,0.239877658025051
TCGA.EB.A6R0.01A.12R.A32P.07,0.82444925560008,1.36146750856022,0.0976339343559841,0.205049290976629
TCGA.EB.A82B.01A.11R.A352.07,0.931718522014481,1.4617288285045,-0.689236119363138,0.24772849012387
TCGA.EB.A82C.01A.11R.A352.07,0.935295157951698,1.36402947342744,-0.0124436080554779,0.224316194895125
TCGA.EB.A85I.01A.11R.A352.07,0.962146315012391,1.59107137475749,0.56393123832224,0.246330285978261
TCGA.EB.A85J.01A.12R.A352.07,0.901564942492193,1.47436188491946,0.0193898762178596,0.236092166022022
TCGA.EB.A97M.01A.11R.A38C.07,0.990279346101513,1.53969888979815,0.63040715474113,0.226012357828074
TCGA.EE.A17X.06A.11R.A18S.07,0.948394178966625,1.52041151706621,1.05138332243526,0.244220937335263
TCGA.EE.A17Y.06A.11R.A18T.07,1.04170898273754,1.34926520203058,-0.207229444463438,0.267343458718083
TCGA.EE.A17Z.06A.11R.A18S.07,0.926666474113469,1.35539127864027,0.246049069150568,0.229206513354183
TCGA.EE.A180.06A.11R.A21D.07,0.823001958716401,1.31708297965133,-0.354890464658687,0.219550659937888
TCGA.EE.A181.06A.11R.A18S.07,0.876066858897779,1.41409925281402,-0.224164269384117,0.23932798024298
TCGA.EE.A182.06A.11R.A18T.07,0.943614277007927,1.41357617882504,1.39606239765261,0.210446050628252
TCGA.EE.A183.06A.11R.A18S.07,0.965995174412817,1.3960520731878,0.186335888043818,0.253565638703136
TCGA.EE.A184.06A.11R.A18S.07,0.884094280312268,1.34824564850705,-0.177882653067421,0.222267577641414
TCGA.EE.A185.06A.11R.A18S.07,0.987694264201194,1.44444613141738,0.0272040415882804,0.244307659879854
TCGA.EE.A20B.06A.11R.A18U.07,0.95113824710132,1.32915410832097,-0.189384556551053,0.229519275484019
TCGA.EE.A20C.06A.11R.A18S.07,0.886118742018711,1.44009011127363,-0.301158306137415,0.237360642986777
TCGA.EE.A20F.06A.21R.A18S.07,0.966624622520797,1.44621859225261,0.079265770612803,0.253871281763076
TCGA.EE.A20H.06A.11R.A18S.07,1.00330441434665,1.35865826573159,-0.0870138213267763,0.263678450826485
TCGA.EE.A20I.06A.11R.A18U.07,0.963549393734144,1.44172195799882,-0.0251465651025259,0.242110174905756
TCGA.EE.A29A.06A.12R.A18U.07,0.968064927438111,1.26473893399249,-0.30872057472136,0.242835115251918
TCGA.EE.A29B.06A.11R.A18U.07,0.878665979676634,1.39279094026582,-0.0942950700915177,0.194877755108866
TCGA.EE.A29C.06A.21R.A18S.07,0.994750562716551,1.48321205859442,0.918836623984099,0.236684564948019
TCGA.EE.A29D.06A.11R.A18T.07,0.878976840035794,1.339346702856,-0.0972968556123463,0.240906932335403
TCGA.EE.A29E.06A.11R.A18T.07,0.989217100529579,1.52298619502495,0.233527347772017,0.243097345280712
TCGA.EE.A29G.06A.12R.A18T.07,0.940241410749388,1.40496194404335,1.65387000467957,0.235489787592627
TCGA.EE.A29H.06A.12R.A18S.07,0.925200818487425,1.41938824797354,0.015941956703545,0.233438662486938
TCGA.EE.A29L.06A.12R.A18S.07,0.859065102384032,1.40188484976005,0.0734029992851998,0.213119029547574
TCGA.EE.A29M.06A.11R.A18T.07,0.878061330845084,1.4205033937115,0.037326139010689,0.231012917451682
TCGA.EE.A29N.06A.12R.A18S.07,0.932894746014817,1.41667750524352,-0.0941721968746967,0.244853831083294
TCGA.EE.A29P.06A.11R.A18T.07,0.856415172831691,1.38021276077118,0.107556448545483,0.230891062297635
TCGA.EE.A29Q.06A.11R.A18T.07,0.903393478630174,1.48474532523112,0.704185297895297,0.229114780951744
TCGA.EE.A29R.06A.11R.A18T.07,0.942982290342155,1.37645149922895,-0.208956203600175,0.238330667442198
TCGA.EE.A29S.06A.11R.A18T.07,0.899252869453758,1.36251458871839,-0.115315128159019,0.210840876576058
TCGA.EE.A29T.06A.11R.A18T.07,0.927234996688503,1.41677801823072,-0.265559284307527,0.229402346759543
TCGA.EE.A29V.06A.12R.A18S.07,0.982171382764015,1.48305810048485,0.684099167565343,0.222704073958949
TCGA.EE.A29W.06A.11R.A18U.07,0.870510702228076,1.2178035516504,-0.326884849722166,0.222426743982019
TCGA.EE.A29X.06A.11R.A18T.07,0.958079662352369,1.34511369231328,0.190914915916828,0.241865571381783
TCGA.EE.A2A0.06A.11R.A18T.07,0.866351847694553,1.31143458366866,-0.30863827781041,0.251769921115906
TCGA.EE.A2A1.06A.11R.A18T.07,0.8520907181077,1.28255000921136,-0.142464168098205,0.231861380580181
TCGA.EE.A2A2.06A.11R.A18T.07,0.842551051459795,1.32926180546043,-0.430380708349435,0.234979474747339
TCGA.EE.A2A5.06A.11R.A18T.07,0.922755836634278,1.34312196670804,-0.172393863131129,0.235233727612937
TCGA.EE.A2A6.06A.11R.A18T.07,0.927940232516425,1.44816037162906,-0.122029009136235,0.24493851373814
TCGA.EE.A2GB.06A.11R.A18T.07,0.833553736253413,1.46411899876332,0.70550097676346,0.221832621137353
TCGA.EE.A2GC.06A.11R.A18T.07,0.858286760011986,1.31846029044206,-0.663181379921133,0.240350323312402
TCGA.EE.A2GD.06A.11R.A18T.07,0.900724088165274,1.32004913218153,0.227114483093591,0.233993846421102
TCGA.EE.A2GE.06A.11R.A18T.07,0.932464053844831,1.32239265777325,-0.207488316066947,0.2428575007725
TCGA.EE.A2GH.06A.11R.A18T.07,0.915116824730713,1.45611665668698,-0.449572510245758,0.23402629548347
TCGA.EE.A2GI.06A.11R.A18T.07,0.90912310508269,1.50330412890298,-0.310985042183175,0.227305294415319
TCGA.EE.A2GJ.06A.11R.A18U.07,0.860018014671145,1.29992135668102,-0.800982569291531,0.223677838047268
TCGA.EE.A2GK.06A.11R.A18S.07,0.721770426982269,1.26487108888294,-0.0329738444990011,0.223856544777153
TCGA.EE.A2GL.06A.11R.A18S.07,0.834649850592808,1.37282490132222,-0.143837484608306,0.216316272856307
TCGA.EE.A2GM.06B.11R.A18S.07,0.899684896651396,1.3551402182582,0.18620007628802,0.214546678043477
TCGA.EE.A2GN.06A.11R.A18S.07,0.926365004299405,1.27643425368049,-0.216422980380083,0.260803829636605
TCGA.EE.A2GO.06A.11R.A18S.07,0.945259002853086,1.260561467013,-0.497377570261603,0.264890130347599
TCGA.EE.A2GP.06A.11R.A18S.07,0.87937854617459,1.32139815191792,-0.112646447872363,0.237157033955182
TCGA.EE.A2GR.06A.11R.A18S.07,0.87250987296879,1.3060505719565,-0.386772688490765,0.240936067913755
TCGA.EE.A2GS.06A.12R.A18S.07,0.870729972849459,1.41796432088578,0.178158754577919,0.213322003792836
TCGA.EE.A2GT.06A.12R.A18S.07,0.843926561558318,1.3033863732689,-0.319839826231139,0.22779537035955
TCGA.EE.A2GU.06A.11R.A18T.07,0.858397517345465,1.33976158997746,-0.585434482499167,0.2128514961224
TCGA.EE.A2M5.06A.12R.A18S.07,0.997812545875644,1.42065990665982,-0.545946738108892,0.243726955438975
TCGA.EE.A2M6.06A.12R.A18S.07,0.912277391024256,1.4212619781153,-0.598979033094128,0.26096321393998
TCGA.EE.A2M7.06A.11R.A18U.07,0.814536188078862,1.22243733722121,-0.352404459964778,0.192406482978925
TCGA.EE.A2M8.06A.12R.A18S.07,0.812455941089464,1.2934126037777,-0.156057630214148,0.229588550028538
TCGA.EE.A2MC.06A.12R.A18S.07,0.985083224536035,1.2520619698506,-0.624753812428431,0.2880636219663
TCGA.EE.A2MD.06A.11R.A18T.07,0.865005934631006,1.39804879707752,-0.458261458306105,0.223779152816158
TCGA.EE.A2ME.06A.11R.A18T.07,0.789551826494651,1.21361190065876,-0.440219856510604,0.229581084125249
TCGA.EE.A2MF.06A.11R.A21D.07,0.872952630643692,1.44502582034531,-0.220515235069136,0.224199668287408
TCGA.EE.A2MG.06A.11R.A18T.07,0.861921419750162,1.32233818669083,-0.182697312421336,0.252654156301149
TCGA.EE.A2MH.06A.11R.A18S.07,0.91878396346652,1.4659647529574,0.186861667243576,0.226331059842635
TCGA.EE.A2MI.06A.11R.A18U.07,0.93162652008684,1.23721616896475,-0.553003956635343,0.272826538494263
TCGA.EE.A2MJ.06A.11R.A18S.07,0.818767478895569,1.39154579193351,-0.495118292541485,0.229578933319987
TCGA.EE.A2MK.06A.11R.A18S.07,0.821545695107048,1.38501205359962,0.0601463097389708,0.216419304739773
TCGA.EE.A2ML.06A.11R.A18S.07,0.836503513258176,1.2857990208103,0.023656478745633,0.235170678979395
TCGA.EE.A2MM.06A.11R.A18S.07,0.732046975660724,1.25244022113398,-0.715694369666036,0.206589637991916
TCGA.EE.A2MN.06A.11R.A18S.07,0.857373396855149,1.3637676967396,-0.546858263904132,0.232303276145616
TCGA.EE.A2MP.06A.11R.A18S.07,0.930967384548413,1.48000117798797,0.468728287256192,0.224511528999708
TCGA.EE.A2MQ.06A.11R.A18S.07,0.928247265438078,1.32789099570266,-0.520127098035842,0.235944056410564
TCGA.EE.A2MR.06A.11R.A18S.07,0.788239910915383,1.18038778604973,-0.651662524080389,0.2303617379297
TCGA.EE.A2MS.06A.11R.A18S.07,0.875287478193276,1.32462388430228,-0.351688182517942,0.245576674860171
TCGA.EE.A2MT.06A.11R.A18S.07,1.02336513340887,1.37744236450084,-0.156765349487515,0.269207808688141
TCGA.EE.A2MU.06A.21R.A18S.07,0.939680461261225,1.39567448148383,-0.209346880037608,0.212338257853665
TCGA.EE.A3AA.06A.11R.A18S.07,0.937215369752606,1.43998116490543,-0.376002451853429,0.253217596027671
TCGA.EE.A3AB.06A.11R.A18S.07,0.975522664858303,1.26235452210693,-0.736135882005967,0.253150332289613
TCGA.EE.A3AC.06A.11R.A18S.07,0.881697082395503,1.28498976612417,-0.38666965394225,0.251364188814068
TCGA.EE.A3AD.06A.11R.A18S.07,0.86300325997042,1.29189957133978,-0.101996492123398,0.233305436819397
TCGA.EE.A3AE.06A.11R.A18S.07,0.82007030139062,1.31491981839791,-0.24336060408214,0.210231468747134
TCGA.EE.A3AF.06A.11R.A18S.07,0.920572710844584,1.5042358507702,0.619166572605539,0.223188596652075
TCGA.EE.A3AG.06A.31R.A18S.07,1.02196853955909,1.38008683827101,0.120791487295504,0.258261476889534
TCGA.EE.A3AH.06A.11R.A18S.07,0.94024549490679,1.40760778294852,0.122527055993818,0.263687761687601
TCGA.EE.A3J3.06A.11R.A20F.07,0.947770772098948,1.44577457001143,-0.347176765742463,0.250482098599789
TCGA.EE.A3J4.06A.11R.A20F.07,0.902143351469139,1.42845534405836,0.0426469500958339,0.232433626106231
TCGA.EE.A3J5.06A.11R.A20F.07,0.916757548904685,1.44425326536518,-0.0115866466051253,0.230340861177356
TCGA.EE.A3J7.06A.11R.A20F.07,0.916849583909089,1.36053005066273,-0.164516965533832,0.243975682755954
TCGA.EE.A3J8.06A.11R.A20F.07,0.83923655454319,1.2770189267839,-0.597122780021442,0.208615440503785
TCGA.EE.A3JA.06A.11R.A20F.07,0.813210884500265,1.36360029707868,-0.227506982689968,0.2046145309485
TCGA.EE.A3JB.06A.11R.A21D.07,0.96724307948537,1.32997316076284,-0.627348624717938,0.229748148394997
TCGA.EE.A3JD.06A.11R.A20F.07,0.873797966948594,1.28799162711374,-0.513223659275818,0.25950458526052
TCGA.EE.A3JE.06A.11R.A20F.07,0.863887538817439,1.36432203665013,0.0724417316338382,0.233392145788245
TCGA.EE.A3JH.06A.11R.A21D.07,0.922093093219023,1.39396285288305,0.120109358503075,0.246617197730248
TCGA.EE.A3JI.06A.11R.A21D.07,0.758291656317657,1.32952226879408,-0.281080439531321,0.211581935492469
TCGA.ER.A193.06A.12R.A18S.07,0.90848368191796,1.38115388734547,0.0106045699529125,0.242088122605363
TCGA.ER.A194.01A.11R.A18U.07,0.827036757534645,1.40017827199269,0.364651159693962,0.194194350098029
TCGA.ER.A195.06A.11R.A18U.07,0.863666383873784,1.19300396779448,-0.234741169015078,0.213040385903077
TCGA.ER.A196.01A.11R.A18T.07,1.02877635724156,1.33100263471943,-0.214790348227451,0.287738575285607
TCGA.ER.A197.06A.32R.A18S.07,0.938732143710033,1.43698213458382,-0.0889815398745472,0.26135962399403
TCGA.ER.A198.06A.11R.A18T.07,0.903032953803535,1.44051280053095,-0.190208139090621,0.228627101566338
TCGA.ER.A199.06A.11R.A18T.07,0.881666952842571,1.37328540054469,-0.30400464228657,0.243481816032001
TCGA.ER.A19A.06A.21R.A18U.07,0.890471855671705,1.20555931490995,-0.404802088044671,0.262141071734862
TCGA.ER.A19B.06A.11R.A18S.07,1.02237524949585,1.37370999805073,-0.0729691059753846,0.255963878694224
TCGA.ER.A19C.06A.11R.A18S.07,0.980376765076952,1.34927836962608,-0.735977086424993,0.268420693318413
TCGA.ER.A19D.06A.11R.A18S.07,0.861498361961149,1.16375492983346,-0.25133801416094,0.244372200669341
TCGA.ER.A19E.06A.11R.A18S.07,0.920565156827351,1.35087352049536,-0.234782653361221,0.255340740136425
TCGA.ER.A19F.06A.11R.A18S.07,0.84705811362935,1.35207645079765,-0.272318864386633,0.224161239195002
TCGA.ER.A19G.06A.11R.A18U.07,0.922524414830114,1.42574859333959,-0.287084797850177,0.280062329671354
TCGA.ER.A19H.06A.12R.A18S.07,0.872946303296779,1.28968278375445,0.0599743273316113,0.236594107600057
TCGA.ER.A19J.06A.11R.A18S.07,0.926354316443078,1.32865215565472,0.04968930169031,0.250068665884291
TCGA.ER.A19K.01A.21R.A18T.07,0.916775974186257,1.44421276547836,0.226634474429528,0.235881311130493
TCGA.ER.A19L.06A.12R.A18S.07,0.904756961047695,1.32940590564384,-0.144560296996101,0.229728042770138
TCGA.ER.A19M.06A.61R.A239.07,0.964530612595871,1.44485567546753,-0.0789831231519566,0.24665291883453
TCGA.ER.A19N.06A.11R.A18S.07,0.928507718722986,1.34177094321614,-0.341168239063449,0.240567961108494
TCGA.ER.A19O.06A.11R.A18S.07,0.889662881371397,1.30098582475687,-0.205049019607702,0.22571811343363
TCGA.ER.A19P.06A.11R.A18S.07,0.790729744157451,1.30095747197232,-0.024744106007268,0.203951014213466
TCGA.ER.A19Q.06A.11R.A18U.07,0.97746942174942,1.42644700686009,-0.0470591901650967,0.26325843930655
TCGA.ER.A19S.06A.11R.A18U.07,0.895673947917489,1.3424374987438,-0.074558845304473,0.259685639976903
TCGA.ER.A19T.01A.11R.A18T.07,0.867201862605538,1.36508490569065,-0.846582376254385,0.241579810847326
TCGA.ER.A19T.06A.11R.A18U.07,0.908760709629218,1.44833114257505,-0.10469685900959,0.236680670521193
TCGA.ER.A19W.06A.41R.A239.07,0.835771209599423,1.45160377300216,-0.081545129710078,0.210994353252785
TCGA.ER.A1A1.06A.11R.A18U.07,0.806799108199611,1.31327832103724,-0.0384759050946715,0.239714814759359
TCGA.ER.A2NB.01A.12R.A18S.07,0.989937026123005,1.4300841678648,0.269905180139624,0.234458803018405
TCGA.ER.A2NC.06A.11R.A18T.07,0.917210924394829,1.26054890877431,-0.217413218812814,0.235165293999244
TCGA.ER.A2ND.06A.11R.A18T.07,0.948578489571175,1.5579239442174,0.688673307888571,0.232754462132175
TCGA.ER.A2NE.06A.21R.A18T.07,0.90513992052731,1.32234327654342,-0.551698191057789,0.248185708891731
TCGA.ER.A2NF.01A.11R.A18T.07,0.874986400773229,1.46004157507765,-0.108814578720018,0.221628067887723
TCGA.ER.A2NF.06A.11R.A18T.07,0.82351197448206,1.5339588051993,-0.0476360341786095,0.206395933851913
TCGA.ER.A2NG.06A.11R.A18T.07,0.95337085541244,1.37283851052643,-0.523547319987934,0.237133410723016
TCGA.ER.A2NH.06A.11R.A18S.07,0.962839821970246,1.31118646449962,-0.066324086533922,0.26189434822015
TCGA.ER.A3ES.06A.11R.A20F.07,0.795133369897657,1.47505226679068,-0.184200511453341,0.211494585461898
TCGA.ER.A3ET.06A.11R.A20F.07,0.935373511683497,1.41156830848641,-0.254111119915497,0.245061717104026
TCGA.ER.A3EV.06A.11R.A20F.07,0.96252807100747,1.39951749913588,-0.593861445464072,0.250912035543613
TCGA.ER.A3PL.06A.11R.A239.07,0.932301186329115,1.39314591924317,-0.096804111957224,0.255910486822262
TCGA.ER.A42H.01A.11R.A24X.07,0.889186764645759,1.51944831814405,0.130208331824936,0.240641937950985
TCGA.ER.A42K.06A.11R.A24X.07,1.00348595227932,1.37989792086825,-0.145337429150455,0.241443318165419
TCGA.ER.A42L.06A.11R.A24X.07,0.916797668901604,1.52640209498514,1.0420021772719,0.233783527674982
TCGA.FR.A2OS.01A.11R.A21D.07,0.969455575662016,1.40976430478528,0.0938079222597628,0.249985454170663
TCGA.FR.A3R1.01A.11R.A239.07,0.865502803572026,1.35564751024645,-0.0188867895487982,0.205486089870606
TCGA.FR.A3YN.06A.11R.A239.07,0.834490621212834,1.33068452595756,-0.334706451993519,0.213461490512878
TCGA.FR.A3YO.06A.11R.A239.07,1.05419085388398,1.48853242305337,1.75949907041608,0.247699598094522
TCGA.FR.A44A.06A.11R.A24X.07,0.901612037807941,1.37318926636429,-0.43504710084682,0.237998680324367
TCGA.FR.A69P.06A.21R.A311.07,0.877721971022677,1.26548618761536,-0.268946813238394,0.253399579851485
TCGA.FR.A726.01A.11R.A32P.07,0.955203019008599,1.36175525810192,-0.438356208812881,0.256391251094776
TCGA.FR.A728.01A.11R.A32P.07,0.95428518885546,1.46612294706593,0.586737001033306,0.223266306605733
TCGA.FR.A729.06A.11R.A352.07,0.850983456432334,1.31649653670239,-0.0517315998844721,0.225012836938477
TCGA.FR.A7U8.06A.21R.A352.07,0.961358786147202,1.51982315483063,-0.112854670459469,0.255536649562651
TCGA.FR.A7U9.06A.11R.A352.07,1.01377825510989,1.48987177356643,0.107629185829264,0.260447596276068
TCGA.FR.A7UA.06A.32R.A352.07,0.848047521261993,1.37045194960095,-0.0964392486322218,0.243864082702794
TCGA.FR.A8YC.06A.11R.A37K.07,0.878333172043432,1.40386625789302,-0.0476264627686616,0.236168268551823
TCGA.FR.A8YD.06A.11R.A37K.07,0.978955476697243,1.46980843308145,0.194155672744644,0.245407227490513
TCGA.FR.A8YE.06A.11R.A37K.07,0.807047686742583,1.20632973701495,-0.153645577505252,0.241091081861872
TCGA.FS.A1YW.06A.11R.A18T.07,0.761304242516741,1.3520353670306,0.237513890477227,0.201932117571621
TCGA.FS.A1YX.06A.11R.A18T.07,0.930677090613565,1.38825676071774,0.0771148530455164,0.232219178719325
TCGA.FS.A1YY.06A.11R.A18T.07,0.913781759387744,1.55267912772928,0.829832177167331,0.226053916683276
TCGA.FS.A1Z0.06A.11R.A18T.07,0.834434161540801,1.33714885516124,-0.109534707574637,0.229905542387998
TCGA.FS.A1Z3.06A.11R.A18T.07,0.821069612310088,1.33878967969786,-0.136975123717148,0.209342166889775
TCGA.FS.A1Z4.06A.11R.A18T.07,0.908695835888148,1.41008385419383,0.00271115154683849,0.247034263535765
TCGA.FS.A1Z7.06A.11R.A18T.07,0.945563029809382,1.42271357186472,0.260073578006107,0.262366396747686
TCGA.FS.A1ZA.06A.11R.A18T.07,0.962047341750907,1.31332259902148,-0.158640055970729,0.241975472653752
TCGA.FS.A1ZB.06A.12R.A18S.07,0.942775105629487,1.42584601850989,0.170959248377137,0.255170089038116
TCGA.FS.A1ZC.06A.11R.A18T.07,0.975050241585958,1.3193339201431,-0.577067817944206,0.265426912392506
TCGA.FS.A1ZD.06A.11R.A18T.07,0.890818177291832,1.15654462440629,-0.376521392842625,0.25054460443122
TCGA.FS.A1ZE.06A.11R.A18T.07,0.838481174043884,1.34233064544505,-0.378707745958172,0.239867607724377
TCGA.FS.A1ZF.06A.12R.A18S.07,0.922715602540537,1.51884025423407,0.493218899197664,0.230748925007886
TCGA.FS.A1ZG.06A.11R.A18T.07,0.799714896529665,1.42485849793709,-0.112934387816427,0.208740966765666
TCGA.FS.A1ZH.06A.11R.A18T.07,0.919479526791878,1.15180928627452,-0.543920189433998,0.253774975597123
TCGA.FS.A1ZJ.06A.12R.A18S.07,0.893315542348579,1.38661277506681,-0.679556027597902,0.250262691789906
TCGA.FS.A1ZK.06A.11R.A18T.07,0.982421649038052,1.43090557804677,-0.23632857992845,0.263462617396413
TCGA.FS.A1ZM.06A.12R.A18S.07,0.898788954686724,1.30583584181569,-0.299096607969418,0.245110585501473
TCGA.FS.A1ZN.01A.11R.A18T.07,0.926125165170521,1.36706997083002,0.13388301598197,0.244727005961786
TCGA.FS.A1ZP.06A.11R.A18T.07,0.838416326221162,1.35012499835313,-0.0643287202528708,0.227898720899934
TCGA.FS.A1ZQ.06A.11R.A18U.07,1.04176244429058,1.43339302931253,0.697384301509082,0.248661548521147
TCGA.FS.A1ZR.06A.21R.A18U.07,0.882431319542925,1.41168096059203,0.485866530627218,0.229662407835497
TCGA.FS.A1ZS.06A.12R.A18T.07,0.912899735047596,1.20185017685452,-0.471697689173242,0.253733696193289
TCGA.FS.A1ZT.06A.11R.A18U.07,0.848549793244678,1.24423254701572,-0.478032371483847,0.239472727906293
TCGA.FS.A1ZU.06A.12R.A18T.07,0.90715933108523,1.46092682142719,-0.486359456495851,0.243143934240174
TCGA.FS.A1ZW.06A.12R.A18T.07,0.87911953407811,1.30902458953377,-0.369243715893881,0.251837957747296
TCGA.FS.A1ZY.06A.11R.A18S.07,0.847464676532296,1.30439399680981,-0.435008279270571,0.230831574686098
TCGA.FS.A1ZZ.06A.11R.A18S.07,0.856597335846424,1.36203104108231,-0.565118949322687,0.246421076207145
TCGA.FS.A4F0.06A.11R.A24X.07,0.779522672247511,1.3495575266288,0.010716605955873,0.191376324250075
TCGA.FS.A4F2.06A.11R.A24X.07,0.915801164469391,1.38780455422571,-0.195463824549785,0.256910403219518
TCGA.FS.A4F4.06A.12R.A266.07,0.922237035069223,1.41908249072898,0.850171610077616,0.235310656678587
TCGA.FS.A4F5.06A.11R.A266.07,0.906612372947317,1.43220194470931,-0.472720431053094,0.232166049353023
TCGA.FS.A4F8.06A.11R.A266.07,0.838094270700912,1.28173886431022,-0.461428464560686,0.254694730556799
TCGA.FS.A4F9.06A.11R.A24X.07,0.84009598453419,1.53386500735122,-0.135321647065988,0.225153788360016
TCGA.FS.A4FB.06A.11R.A266.07,0.948608339772859,1.51713949002459,0.754453599238038,0.240430669620941
TCGA.FS.A4FC.06A.11R.A24X.07,0.870864325905736,1.45356475413344,0.370702942528378,0.230165324205593
TCGA.FS.A4FD.06A.11R.A266.07,0.883170346008629,1.30779777350701,-0.564291961557985,0.230575464407836
TCGA.FW.A3I3.06A.11R.A21D.07,0.917096394600635,1.39194068578337,-0.195394031809254,0.230711129167323
TCGA.FW.A3R5.06A.11R.A239.07,0.939192420903736,1.48862122635925,-0.206060122666782,0.227382918465752
TCGA.FW.A3TU.06A.11R.A239.07,0.965127318404813,1.47286450191798,0.385794163850997,0.211508456955827
TCGA.FW.A3TV.06A.11R.A239.07,0.964652045373238,1.40421697879503,0.160705417594336,0.241152166488157
TCGA.FW.A5DX.01A.11R.A27Q.07,0.912872704649358,1.27765144679821,-0.103769255588237,0.225468399508596
TCGA.FW.A5DY.06A.11R.A311.07,0.858984110079714,1.38683426556895,0.0718990329076919,0.205208057029177
TCGA.GF.A2C7.01A.11R.A18T.07,0.938168727982199,1.39209659666379,-0.107075119237238,0.246265514423212
TCGA.GF.A3OT.06A.23R.A239.07,1.00945098122533,1.33300935577231,-0.754770632530063,0.267951688995421
TCGA.GF.A4EO.06A.12R.A24X.07,0.90399319711595,1.42487070239752,0.208042765501874,0.257202624952966
TCGA.GF.A6C8.06A.12R.A311.07,0.966715167869433,1.54281245201484,0.394382641412038,0.236496297131188
TCGA.GF.A6C9.06A.11R.A311.07,0.987200105586486,1.42380399963901,-0.0768421705068602,0.251061167325493
TCGA.GF.A769.01A.32R.A32P.07,1.03583043850979,1.40798224822515,-0.0863978804212381,0.270985325850964
TCGA.GN.A262.06A.11R.A18T.07,0.899834346355009,1.53058363529917,0.455188822647614,0.215285638288175
TCGA.GN.A263.01A.11R.A18T.07,0.913802898201885,1.5781615016406,0.265387484941991,0.211936059075421
TCGA.GN.A264.06A.11R.A18U.07,0.844011680021487,1.38469452732247,0.0698977944989691,0.22774296930539
TCGA.GN.A265.06A.21R.A18T.07,0.996120837102579,1.37812983217059,-0.437325099857521,0.251203002535253
TCGA.GN.A266.06A.11R.A18T.07,0.878515383956109,1.23387852256281,-0.681608683988646,0.268362719317867
TCGA.GN.A267.06A.21R.A18T.07,0.887997318368617,1.57603433187873,0.237927062550979,0.199650234944031
TCGA.GN.A268.06A.11R.A18T.07,0.895184305456396,1.46519811546959,-0.266062688863103,0.226764770692057
TCGA.GN.A26A.06A.11R.A18T.07,1.0016058812315,1.25848502798405,-0.624273932082649,0.247528188917936
TCGA.GN.A26C.01A.11R.A18T.07,0.895694683994652,1.29499480491017,-0.4949517085143,0.236490594481764
TCGA.GN.A26D.06A.11R.A18T.07,0.968518600418351,1.42268807279198,-0.178438311844952,0.269131503617906
TCGA.GN.A4U3.06A.11R.A32P.07,0.849796653506678,1.36026355591611,-0.150539374443204,0.241881221084226
TCGA.GN.A4U4.06A.11R.A32P.07,0.819974565499448,1.47449660262484,-0.182341760580568,0.216152467526444
TCGA.GN.A4U5.01A.11R.A32P.07,0.912429362074507,1.43424159528041,0.295633742582141,0.216551194118104
TCGA.GN.A4U7.06A.21R.A32P.07,0.969799352598809,1.65372856754585,1.13703617703094,0.239438205969061
TCGA.GN.A4U8.06A.11R.A32P.07,0.904007440423435,1.50924049308732,0.0533681031705592,0.22593485688355
TCGA.GN.A4U8.11A.11R.A32P.07,0.874347369905066,1.44579523591666,0.0563936357041078,0.224522140044184
TCGA.GN.A4U9.06A.11R.A32P.07,0.893772319489548,1.29289187222879,-0.845711047675126,0.239734908514623
TCGA.GN.A8LK.06A.11R.A37K.07,0.936956296802664,1.5894182199036,0.466454842531169,0.229335845907242
TCGA.GN.A8LL.06A.21R.A37K.07,0.890979727688998,1.39021207211954,-0.200522299321445,0.216668460487643
TCGA.GN.A8LN.01A.11R.A37K.07,0.876154388392511,1.35708098052117,0.301985275936161,0.219084566043109
TCGA.GN.A9SD.06A.11R.A40A.07,0.883419731231251,1.50318258056334,0.0846963700434866,0.230617418039911
TCGA.HR.A2OG.06A.21R.A18U.07,0.977388192346319,1.20993697090745,-0.231578931657663,0.275217214227531
TCGA.HR.A2OH.06A.11R.A18U.07,0.874810844639031,1.39779980354371,-0.0209605726382869,0.253155828826189
TCGA.HR.A5NC.01A.11R.A27Q.07,0.93934234175909,1.40861511309983,0.0231813917866625,0.231935868359627
TCGA.IH.A3EA.01A.11R.A20F.07,1.0201196890017,1.49868720234297,0.314788564679927,0.226957833070407
TCGA.LH.A9QB.06A.11R.A38C.07,0.902201389699218,1.33624698582936,0.0353294155937145,0.235308576990306
TCGA.OD.A75X.06A.12R.A32P.07,0.929882755405276,1.47578651375369,0.068612126032839,0.266506884799811
TCGA.QB.A6FS.06A.11R.A311.07,0.969548809100863,1.45373116323238,0.82622553380901,0.228006772748789
TCGA.QB.AA9O.06A.11R.A39D.07,0.920878448892103,1.52278139943518,0.104103479658326,0.20994844550367
TCGA.RP.A690.06A.11R.A311.07,0.770702697880554,1.40487496667385,0.0913237408432464,0.213456815458655
TCGA.RP.A693.06A.13R.A311.07,0.88802649067337,1.46130027044965,0.0816572848639754,0.226740231650264
TCGA.RP.A694.06A.11R.A311.07,0.878379430419969,1.4478553694069,-0.129410338349745,0.242494646716376
TCGA.RP.A695.06A.11R.A311.07,0.951088654771208,1.54667676025602,0.39423936603305,0.220546356218694
TCGA.RP.A6K9.06A.41R.A352.07,0.892176554596577,1.52723679748088,0.00700710725182656,0.222317823813621
TCGA.W3.A824.06A.21R.A352.07,0.911499851366869,1.52746088020506,-0.0851595335458341,0.221190326097927
TCGA.W3.A825.06A.11R.A352.07,0.957063766203011,1.27168086269287,0.0202006016851592,0.28940650344629
TCGA.W3.A828.06A.11R.A352.07,0.927492214779955,1.2291496338528,0.172195169224803,0.254216664157486
TCGA.W3.AA1O.06A.11R.A38C.07,0.962165926370033,1.55539511807578,0.712385098914321,0.23052445423805
TCGA.W3.AA1Q.06A.11R.A38C.07,0.871397762947255,1.50398608559398,0.0851705335787647,0.213244720887337
TCGA.W3.AA1R.06A.11R.A39D.07,0.925737261566376,1.47011292141789,0.111482003616094,0.22163765809698
TCGA.W3.AA1V.06B.11R.A40A.07,0.969260806371613,1.37634753832483,-0.225924355085108,0.254392015389628
TCGA.W3.AA1W.06A.11R.A38C.07,0.842158181133596,1.39601665289473,0.0224363740527346,0.223031399687723
TCGA.W3.AA21.06A.11R.A38C.07,0.921497888730306,1.56938800145928,-0.331291985251138,0.215881519166552
TCGA.WE.A8JZ.06A.11R.A37K.07,0.840192300958503,1.33195546464899,0.1392185429587,0.236068800132308
TCGA.WE.A8K1.06A.21R.A37K.07,0.824385294355907,1.41149546107545,-0.0497613696899859,0.206233389947393
TCGA.WE.A8K4.01A.12R.A37K.07,0.899369010827712,1.62472899046546,1.00575538494793,0.220326173955032
TCGA.WE.A8K5.06A.11R.A37K.07,0.88749530339066,1.51494216584764,0.209893060191734,0.211552294633865
TCGA.WE.A8K6.06A.11R.A37K.07,0.906961883118541,1.38418892451523,0.153227765334443,0.209008112228531
TCGA.WE.A8ZM.06A.11R.A37K.07,0.865737817079661,1.22326545400154,0.0403429469447026,0.216026918211956
TCGA.WE.A8ZN.06A.11R.A37K.07,0.896642698428321,1.52070797919908,0.407945129183071,0.221113084136872
TCGA.WE.A8ZO.06A.11R.A37K.07,0.869367890786955,1.31734657494023,-0.293378183545937,0.241089983847314
TCGA.WE.A8ZQ.06A.41R.A37K.07,0.956861023415497,1.41334109759903,-0.124485511682281,0.237319840894587
TCGA.WE.A8ZR.06A.11R.A37K.07,0.963575758582853,1.38659728851782,-0.446358806687455,0.238264802590794
TCGA.WE.A8ZT.06A.11R.A37K.07,0.878880661719052,1.49286113974179,0.526949487197774,0.216952094422587
TCGA.WE.A8ZX.06A.11R.A37K.07,0.947091352078667,1.49687596396167,-0.0510927019282481,0.248465623858412
TCGA.WE.A8ZY.06A.11R.A37K.07,0.857048378305145,1.36448152949276,0.160133678115954,0.204982495809903
TCGA.WE.AA9Y.06A.12R.A38C.07,0.946618618292826,1.51158758831959,0.0932405167786463,0.231469835230493
TCGA.WE.AAA0.06A.11R.A38C.07,0.917093340850378,1.44510167983448,-0.232249562493048,0.236721890205204
TCGA.WE.AAA3.06A.11R.A38C.07,0.931141836252333,1.39217872265414,-0.111489824978799,0.234202632687969
TCGA.WE.AAA4.06A.12R.A38C.07,0.921652876193307,1.39994679946598,0.346121973060133,0.225141047802562
TCGA.XV.A9VZ.01A.11R.A38C.07,0.810370129643444,1.23455267071988,-0.0808310277184672,0.228331981035887
TCGA.XV.A9W2.01A.11R.A39D.07,0.963107266667547,1.55220468636982,0.0260225779938451,0.217011031574494
TCGA.XV.A9W5.01A.11R.A38C.07,0.999208961505864,1.3744492237931,0.0385607050311106,0.253336494817424
TCGA.XV.AAZV.01A.11R.A40A.07,0.980714534232943,1.44256784418887,-0.129666906487518,0.219005997719875
TCGA.XV.AAZW.01A.12R.A40A.07,1.00807141819839,1.47498949318035,0.362280379222133,0.238328550256997
TCGA.XV.AAZY.01A.12R.A40A.07,0.902672765926955,1.48648301615034,1.53408412841327,0.200184044620081
TCGA.XV.AB01.06A.12R.A40A.07,0.829678537081247,1.31126309278067,-0.382017149946628,0.200300008094932
TCGA.YD.A89C.06A.11R.A37K.07,0.883593437071404,1.43456859094247,-0.205443084574645,0.256565666577461
TCGA.YD.A9TA.06A.11R.A39D.07,0.911530270079662,1.27036924499419,-0.574332658069073,0.24613916993599
TCGA.YD.A9TB.06A.12R.A40A.07,0.880268670083922,1.42095215260311,0.029867691243102,0.222714088443419
TCGA.YG.AA3N.01A.11R.A38C.07,0.860579586998972,1.34660427396496,0.300715578877748,0.213590934091798
TCGA.YG.AA3O.06A.11R.A38C.07,0.917011208756826,1.46487822870956,0.020416618012272,0.205377876728845
TCGA.YG.AA3P.06A.11R.A38C.07,0.851064375614033,1.48707060744593,0.0496525108742855,0.22736919293598
TCGA.Z2.A8RT.06A.11R.A37K.07,0.853770393930423,1.43262641050656,0.413920511877172,0.212327421059585
TCGA.Z2.AA3S.06A.11R.A39D.07,0.75896352994781,1.41824505976449,0.0989475887087907,0.191003535634605
TCGA.Z2.AA3V.06A.11R.A39D.07,0.929346710326982,1.36975648167696,0.585593662366356,0.220806403138819
